OBJECTID,ID_EstGrav,Tipo_EstGrav,Fecha,Coordenada_X,Coordenada_Y,Sistema_Coordenadas,Latitud,Longitud,Altura_Sobre_NivelMar,Altura_Elipsoidal,GravObs,GravTeor_Elip,GravTeor_Somig,Corr_AireLibre,Anom_AireLibre,CorrBouguer,AnomSimpleBouguer,AnomBouguerTotal,AnomRegional,AnomResidual,Estado,Equipo,AUTOR
0,BASE_TAP,0,27/05/2026-5/06/2026,4737595.343,2050663.772,9377,4.454720006,-75.36554035,1981.77,2012.696,977589.7842,978063.8259,978063.8259,621.1179856,147.0763115,221.8674705,-74.79115899,-60.74788597,-62.0711514,1.323265439,Buena ,Scintrex CG-6 Autograv (S/N 17060015),UIS
1,BASE_GAL,0,27/05/2026-5/06/2027,4734388.579,2053526.738,9377,4.480514558,-75.39451595,2327.72,2359.481,977520.356,978064.1869,978064.1869,728.1358366,184.3049198,260.0949578,-75.79003796,-61.66626744,-61.48432647,-0.181940963,Buena ,Scintrex CG-6 Autograv (S/N 17060015),UIS
2,BASE_TOC,0,27/05/2026-5/06/2028,4732011.756,2051264.38,9377,4.459987153,-75.41586344,2106.24,2138.029,977564.4216,978063.8994,978063.8994,659.7957494,160.3179198,235.6834246,-75.36550485,-55.31285875,-58.16598516,2.853126402,Buena ,Scintrex CG-6 Autograv (S/N 17060015),UIS
3,GRAV_01,1,27/05/2026,4736146.656,2054388.392,9377,4.488357853,-75.37870116,2487.89,2519.576,977483.8449,978064.2971,978064.2971,777.5411536,197.0889454,277.7428652,-80.65391983,-71.8459683,-64.25392453,-7.592043776,Inactiva,Scintrex CG-6 Autograv (S/N 17060015),UIS
4,GRAV_02,1,29/05/2026,4735830.022,2054243.661,9377,4.487039806,-75.38154979,2487.4,2519.091,977481.6172,978064.2786,978064.2786,777.3914826,194.7301051,277.6894017,-82.95929659,-72.51639727,-64.11218652,-8.404210755,Inactiva,Scintrex CG-6 Autograv (S/N 17060015),UIS
5,GRAV_03,1,29/05/2026,4735739.213,2053763.019,9377,4.482690931,-75.38235388,2398.39,2430.038,977501.1574,978064.2175,978064.2175,749.9097268,186.849653,267.872736,-81.02308296,-69.10305326,-64.65736533,-4.445687928,Inactiva,Scintrex CG-6 Autograv (S/N 17060015),UIS
6,GRAV_04,1,24/05/2026,4734916.422,2054476.444,9377,4.489117808,-75.38978811,2645.75,2677.549,977442.882,978064.3078,978064.3078,826.2916214,204.8658263,295.1568561,-90.29102984,-73.90691024,-65.58950644,-8.317403798,Inactiva,Scintrex CG-6 Autograv (S/N 17060015),UIS
7,GRAV_05,1,24/05/2026,4734431.567,2054767.571,9377,4.491735972,-75.3941652,2370.49,2402.36,977507.5919,978064.3446,978064.3446,741.368296,184.6155692,264.8216802,-80.20611093,-69.15595023,-64.522248,-4.633702234,Inactiva,Scintrex CG-6 Autograv (S/N 17060015),UIS
8,GRAV_06,1,23/05/2026,4734374.087,2054433.556,9377,4.488713969,-75.39467324,2375.95,2407.801,977506.3103,978064.3021,978064.3021,743.0473886,185.0555727,265.4214632,-80.36589049,-67.00583397,-62.86272947,-4.143104496,Inactiva,Scintrex CG-6 Autograv (S/N 17060015),UIS
9,GRAV_07,1,26/05/2026,4734164.654,2054298.889,9377,4.487490047,-75.39655623,2381.34,2413.195,977505.8711,978064.2849,978064.2849,744.711977,186.2981701,266.0160652,-79.71789515,-66.49122108,-64.62991302,-1.861308054,Inactiva,Scintrex CG-6 Autograv (S/N 17060015),UIS
10,GRAV_08,1,24/05/2026,4734435.053,2053356.332,9377,4.47897505,-75.39409222,2314.71,2346.439,977523.1915,978064.1653,978064.1653,724.1110754,183.1372649,258.6572863,-75.52002142,-61.10063338,-61.56311164,0.462478264,Inactiva,Scintrex CG-6 Autograv (S/N 17060015),UIS
11,GRAV_09,1,23/05/2026,4734953.268,2052748.035,9377,4.473489828,-75.38940536,2214.13,2245.71,977545.8789,978064.0884,978064.0884,693.026106,174.8166182,247.5535288,-72.73691052,-58.26763878,-61.87516124,3.60752246,Inactiva,Scintrex CG-6 Autograv (S/N 17060015),UIS
12,GRAV_10,1,22/05/2026,4735019.076,2052589.539,9377,4.472058578,-75.3888078,2220.15,2251.698,977544.8938,978064.0683,978064.0683,694.8740028,175.699471,248.2136098,-72.51413879,-57.43513457,-61.46756889,4.032434315,Inactiva,Scintrex CG-6 Autograv (S/N 17060015),UIS
13,GRAV_11,1,22/05/2026,4735512.651,2052232.781,9377,4.468847097,-75.38435038,2277.81,2309.231,977532.7467,978064.0234,978064.0234,712.6286866,181.3520337,254.5557008,-73.20366704,-58.59082627,-61.55788894,2.967062671,Inactiva,Scintrex CG-6 Autograv (S/N 17060015),UIS
14,GRAV_12,1,22/05/2026,4735970.124,2052644.431,9377,4.472582861,-75.38024069,2246.26,2277.705,977540.2665,978064.0757,978064.0757,702.899763,179.0905852,251.0804646,-71.98987943,-58.55599893,-61.87457477,3.318575837,Inactiva,Scintrex CG-6 Autograv (S/N 17060015),UIS
15,GRAV_13,1,25/05/2026,4736406.419,2052884.137,9377,4.474763189,-75.37631675,2302.15,2333.595,977528.5596,978064.1062,978064.1062,720.147417,184.6007804,257.2414412,-72.64066079,-59.1778383,-62.47076636,3.292928063,Inactiva,Scintrex CG-6 Autograv (S/N 17060015),UIS
16,GRAV_14,1,27/05/2026,4733759.13,2055302.499,9377,4.496553064,-75.40023963,2202.41,2234.372,977540.0212,978064.4124,978064.4124,689.5271992,165.1359512,246.303696,-81.16774484,-69.52115061,-65.77580265,-3.745347957,Inactiva,Scintrex CG-6 Autograv (S/N 17060015),UIS
17,GRAV_15,1,27/05/2026,4733677.595,2055652.685,9377,4.499717153,-75.40098463,2181.54,2213.53,977541.0873,978064.457,978064.457,683.095358,159.7256226,244.0061996,-84.28057701,-70.63002348,-66.52949884,-4.100524635,Inactiva,Scintrex CG-6 Autograv (S/N 17060015),UIS
18,GRAV_16,1,27/05/2026,4734279.005,2055818.17,9377,4.501231408,-75.39557082,2211.35,2243.305,977535.0879,978064.4784,978064.4784,692.283923,162.8934382,247.2884161,-84.3949779,-70.62293909,-67.15857523,-3.464363855,Inactiva,Scintrex CG-6 Autograv (S/N 17060015),UIS
19,GRAV_17,1,30/05/2026,4734213.491,2056290.965,9377,4.505504667,-75.3961751,2155.07,2187.065,977547.631,978064.5387,978064.5387,674.928259,158.0205872,241.0888576,-83.06827037,-67.37794433,-66.92386175,-0.454082581,Inactiva,Scintrex CG-6 Autograv (S/N 17060015),UIS
20,GRAV_18,1,1/06/2026,4733708.521,2056292.317,9377,4.505501867,-75.40072496,2145.01,2177.044,977549.172,978064.5386,978064.5386,671.8357784,156.4691461,239.984203,-83.51505684,-69.23466948,-66.69074174,-2.543927747,Inactiva,Scintrex CG-6 Autograv (S/N 17060015),UIS
21,GRAV_19,1,1/06/2026,4736183.527,2056707.279,9377,4.509327539,-75.37843703,2286.13,2318.037,977523.1697,978064.5927,978064.5927,715.3462182,173.9232654,255.5264211,-81.60315569,-70.01477094,-67.83896944,-2.175801503,Inactiva,Scintrex CG-6 Autograv (S/N 17060015),UIS
22,GRAV_20,1,1/06/2026,4737628.528,2053278.783,9377,4.478367519,-75.36531716,2441.73,2473.151,977499.9713,978064.1568,978064.1568,763.2143986,199.0289125,272.6252531,-73.59634064,-61.50227233,-63.67990972,2.177637385,Inactiva,Scintrex CG-6 Autograv (S/N 17060015),UIS
23,GRAV_21,1,2/06/2026,4737518.182,2053508.328,9377,4.480439986,-75.36631805,2514.43,2545.904,977487.148,978064.1859,978064.1859,785.6659744,208.6281044,280.6451052,-72.0170008,-59.10813787,-62.75416516,3.64602729,Inactiva,Scintrex CG-6 Autograv (S/N 17060015),UIS
24,GRAV_22,1,1/06/2026,4737887.374,2053706.866,9377,4.482246061,-75.3629974,2550.87,2582.349,977478.2254,978064.2112,978064.2112,796.9129014,210.9270749,284.6625822,-73.73550725,-59.36733335,-63.31437599,3.947042639,Inactiva,Scintrex CG-6 Autograv (S/N 17060015),UIS
25,GRAV_23,1,30/05/2026,4737478.802,2054244.453,9377,4.487095333,-75.36669429,2789.11,2820.682,977426.3683,978064.2794,978064.2794,870.4624652,232.5514072,310.934975,-78.38356779,-61.61873247,-63.30235105,1.68361858,Inactiva,Scintrex CG-6 Autograv (S/N 17060015),UIS
26,GRAV_24,1,31/05/2026,4736947.797,2054080.739,9377,4.485599392,-75.37147389,2498.57,2530.165,977488.3656,978064.2583,978064.2583,780.808919,204.9161865,278.9101327,-73.99394618,-60.34492753,-62.90058917,2.555661639,Inactiva,Scintrex CG-6 Autograv (S/N 17060015),UIS
27,GRAV_25,1,31/05/2026,4736034.722,2051310.619,9377,4.460523725,-75.37961978,1957.48,1988.693,977592.6975,978063.9069,978063.9069,613.7106598,142.5012322,219.2215245,-76.72029235,-64.03442477,-61.91698114,-2.117443636,Inactiva,Scintrex CG-6 Autograv (S/N 17060015),UIS
28,GRAV_26,1,4/06/2026,4735873.42,2050585.714,9377,4.453964039,-75.38105195,1788.98,1820.092,977624.924,978063.8153,978063.8153,561.6803912,122.7890671,200.6359669,-77.84689986,-63.55722227,-61.41714096,-2.140081317,Inactiva,Scintrex CG-6 Autograv (S/N 17060015),UIS
29,GRAV_27,1,4/06/2026,4738488.122,2050399.068,9377,4.452352225,-75.35748906,1851.07,1881.836,977612.5445,978063.7928,978063.7928,580.7345896,129.4862534,207.4422532,-77.9559998,-64.35155649,-62.63283455,-1.71872194,Inactiva,Scintrex CG-6 Autograv (S/N 17060015),UIS
30,GRAV_28,1,2/06/2026,4738841.458,2050854.398,9377,4.456479842,-75.35431871,1827.25,1858.074,977613.6474,978063.8504,978063.8504,573.4016364,123.1985958,204.8228736,-81.62427773,-63.6855542,-62.6622571,-1.023297096,Inactiva,Scintrex CG-6 Autograv (S/N 17060015),UIS
31,GRAV_29,1,1/06/2026,4740268.436,2051058.053,9377,4.458362564,-75.34146775,1974.05,2004.69,977587.9202,978063.8767,978063.8767,618.647334,142.6908009,220.9849373,-78.2941364,-64.3224016,-63.92433751,-0.398064089,Inactiva,Scintrex CG-6 Autograv (S/N 17060015),UIS
32,GRAV_30,1,31/05/2026,4740668.466,2051280.033,9377,4.460381372,-75.33786987,1939.79,1970.399,977591.8481,978063.9049,978063.9049,608.0651314,136.0082931,217.2049043,-81.19661118,-65.00487673,-64.29731761,-0.707559115,Inactiva,Scintrex CG-6 Autograv (S/N 17060015),UIS
33,GRAV_31,1,31/05/2026,4733193.488,2057739.262,9377,4.518570289,-75.40540851,2103.28,2135.436,977550.3976,978064.7234,978064.7234,658.9955496,144.6697967,235.397588,-90.72779131,-74.17514017,-68.43621955,-5.738920623,Inactiva,Scintrex CG-6 Autograv (S/N 17060015),UIS
34,GRAV_32,1,3/06/2026,4732673.421,2058109.991,9377,4.521906964,-75.41010548,1983.26,2015.475,977569.8314,978064.7706,978064.7706,621.975585,127.0363835,222.1738107,-95.1374272,-72.99273827,-68.09123841,-4.901499858,Inactiva,Scintrex CG-6 Autograv (S/N 17060015),UIS
35,GRAV_33,1,31/05/2026,4731952.514,2057164.766,9377,4.513338325,-75.41657267,2355.35,2387.535,977507.0492,978064.6493,978064.6493,736.793301,179.193165,263.1874616,-83.99429659,-66.69652448,-65.64730443,-1.049220053,Inactiva,Scintrex CG-6 Autograv (S/N 17060015),UIS
36,GRAV_34,1,3/06/2026,4732115.529,2054729.358,9377,4.491321567,-75.41503125,2328.08,2360.161,977514.9092,978064.3388,978064.3388,728.3456846,178.916089,260.1699169,-81.25382787,-57.65689921,-61.22193302,3.565033803,Inactiva,Scintrex CG-6 Autograv (S/N 17060015),UIS
37,GRAV_35,1,3/06/2026,4732358.806,2054513.465,9377,4.489376661,-75.41283296,2237.79,2269.836,977532.7147,978064.3114,978064.3114,700.4713896,168.874654,250.2130335,-81.33837956,-59.26276372,-61.51311854,2.250354816,Inactiva,Scintrex CG-6 Autograv (S/N 17060015),UIS
38,GRAV_36,1,2/06/2026,4731790.674,2054670.805,9377,4.490782406,-75.41795638,2619.3,2651.431,977458.689,978064.3312,978064.3312,818.2316066,212.5893968,292.2777653,-79.68836848,-56.9790856,-60.82015499,3.841069387,Inactiva,Scintrex CG-6 Autograv (S/N 17060015),UIS
39,GRAV_37,1,2/06/2026,4732302.273,2054196.703,9377,4.486510719,-75.41333289,2236.89,2268.929,977534.7995,978064.2711,978064.2711,700.1914894,170.719849,250.1130513,-79.39320233,-57.30361826,-60.67913858,3.375520328,Inactiva,Scintrex CG-6 Autograv (S/N 17060015),UIS
40,GRAV_38,1,2/06/2026,4732096.776,2053827.901,9377,4.483169775,-75.41517341,2330.99,2363.039,977519.6988,978064.2242,978064.2242,729.2338354,184.7084365,260.4871702,-75.7787337,-55.03336782,-59.72399882,4.690631004,Inactiva,Scintrex CG-6 Autograv (S/N 17060015),UIS
41,GRAV_39,1,22/05/2026,4732325.952,2053491.193,9377,4.480131989,-75.41309861,2360.71,2392.698,977513.9232,978064.1815,978064.1815,738.3866028,188.1282559,263.7565996,-75.62834367,-56.75925161,-59.92709791,3.167846295,Inactiva,Scintrex CG-6 Autograv (S/N 17060015),UIS
42,GRAV_40,1,22/05/2026,4732667.025,2053068.691,9377,4.476321733,-75.41001315,2257.39,2289.289,977534.7482,978064.1281,978064.1281,706.4745854,177.0946957,252.3574149,-75.26271922,-56.33268294,-59.60471449,3.272031552,Inactiva,Scintrex CG-6 Autograv (S/N 17060015),UIS
43,GRAV_41,1,21/05/2026,4731477.883,2051377.532,9377,4.460994447,-75.42067666,2458.79,2490.69,977493.5156,978063.9135,978063.9135,768.626934,198.2290278,274.5586467,-76.32961898,-56.91549928,-58.43335523,1.517855953,Inactiva,Scintrex CG-6 Autograv (S/N 17060015),UIS
44,GRAV_42,1,21/05/2026,4731622.846,2050831.809,9377,4.456064178,-75.41935448,2224.84,2256.653,977540.4808,978063.8446,978063.8446,696.4031158,173.0392786,248.7598191,-75.72054052,-58.11158275,-58.53184743,0.420264677,Inactiva,Scintrex CG-6 Autograv (S/N 17060015),UIS
45,GRAV_43,1,8/06/2026,4732711.225,2051020.308,9377,4.457800892,-75.40955443,2127.49,2159.141,977561.2336,978063.8689,978063.8689,666.3109126,163.6756245,238.0106842,-74.33505971,-58.51319131,-59.05997321,0.546781892,Inactiva,Scintrex CG-6 Autograv (S/N 17060015),UIS
46,GRAV_44,1,10/06/2026,4733704.325,2051886.66,9377,4.465664106,-75.40063261,1956.58,1988.203,977596.1932,978063.9788,978063.9788,613.5594458,145.7738412,219.1675099,-73.39366862,-54.60747005,-59.06638339,4.458913346,Inactiva,Scintrex CG-6 Autograv (S/N 17060015),UIS
47,GRAV_45,1,9/06/2026,4733693.208,2049842.707,9377,4.447181553,-75.40067278,1749.19,1780.572,977633.9683,978063.7207,978063.7207,549.4845192,119.7320693,196.2795204,-76.54745116,-58.99348206,-59.57440129,0.58091923,Inactiva,Scintrex CG-6 Autograv (S/N 17060015),UIS
48,GRAV_46,1,9/06/2026,4733789.023,2050517.803,9377,4.453288853,-75.39982933,2059,2090.428,977576.2893,978063.8059,978063.8059,645.1060808,157.5894778,230.4361774,-72.84669965,-57.00330814,-59.15692433,2.153616196,Inactiva,Scintrex CG-6 Autograv (S/N 17060015),UIS
49,GRAV_47,1,5/06/2026,4734704.195,2049993.869,9377,4.448578089,-75.39156883,2077.42,2108.632,977570.9016,978063.7402,978063.7402,650.7238352,157.8852238,232.4428766,-74.55765281,-59.58726748,-60.41091111,0.823643633,Inactiva,Scintrex CG-6 Autograv (S/N 17060015),UIS
50,GRAV_48,1,5/06/2026,4735593.789,2049834.068,9377,4.447159106,-75.38354943,1887.92,1918.982,977607.8721,978063.7204,978063.7204,592.1978452,136.349508,211.5370042,-75.18749619,-60.28376864,-61.09888643,0.815117788,Inactiva,Scintrex CG-6 Autograv (S/N 17060015),UIS
51,GRAV_49,1,8/06/2026,4734930.07,2050628.869,9377,4.454326672,-75.38955235,1663.82,1695.081,977644.8824,978063.8204,978063.8204,523.1019966,104.1640119,186.8555081,-82.69149617,-58.92112693,-60.28658446,1.365457525,Inactiva,Scintrex CG-6 Autograv (S/N 17060015),UIS
52,GRAV_50,1,5/06/2026,4734738.049,2050933.729,9377,4.457077722,-75.39129128,1664.83,1696.167,977643.273,978063.8588,978063.8588,523.4371362,102.8513473,186.9752222,-84.12387485,-58.89296402,-60.30428416,1.411320139,Inactiva,Scintrex CG-6 Autograv (S/N 17060015),UIS
53,93,1,11/05/2019,4732883.464,2049345.17,9377,4.442658809,-75.40795342,,1802.569,977628.5013,978063.6578,978063.6578,556.2727934,121.1163286,198.7043371,-77.58800844,-59.65488222,-59.10937007,-0.545512151,Inactiva,Scintrex CG-6 Autograv (S/N 17060015),SGC
54,1000,0,"30/03/2019, 31/03/2019, 02/04/2019, 03/04/2019, 04/04/2019, 05/04/2019, 06/04/2019, 07/05/2019, 08/05/2019, 09/05/2019, 10/05/2019, 11/05/2019, 13/05/2019, 14/05/2019, 15/05/2019, 16/05/2019, 17/05/2019, 06/07/2019, 07/07/2019, 08/07/2019, 09/07/2019, 10/07/2019, 12/07/2019, 13/07/2019, 14/07/2019, 15/07/2019, 16/07/2019, 17/07/2019, 19/07/2019, 20/07/2019, 24/07/2019",4733205.458,2057405.449,9377,4.515552197,-75.40529071,,2127.088,977552.7659,978064.6806,978064.6806,656.4193568,144.5046114,234.4773548,-89.97274341,-73.4357282,-68.0730281,-5.3627001,Inactiva,Scintrex CG-6 Autograv (S/N 17060015),SGC
55,1001,1,2/04/2019,4733091.517,2056492.891,9377,4.507297128,-75.40629015,,1954.45,977583.5755,978064.564,978064.564,603.14327,122.1547934,215.4467827,-93.2919893,-67.19520232,-65.99046414,-1.20473818,Inactiva,Scintrex CG-6 Autograv (S/N 17060015),SGC
56,1002,1,2/04/2019,4733001.53,2056965.559,9377,4.511568467,-75.40711502,,1981.408,977578.0543,978064.6243,978064.6243,611.4625088,124.8924918,218.41847,-93.52597821,-70.95433618,-67.56908517,-3.385251009,Inactiva,Scintrex CG-6 Autograv (S/N 17060015),SGC
57,1003,1,2/04/2019,4732903.468,2057445.212,9377,4.515902708,-75.40801287,,1990.299,977574.6432,978064.6856,978064.6856,614.2062714,124.1638675,219.3985603,-95.23469274,-69.51563677,-66.87238278,-2.643253989,Inactiva,Scintrex CG-6 Autograv (S/N 17060015),SGC
58,1004,1,2/04/2019,4732884.868,2057954.18,9377,4.520504408,-75.40819565,,2023.524,977569.0439,978064.7507,978064.7507,624.4595064,128.7526698,223.0610839,-94.3084141,-72.54244834,-67.9990005,-4.543447837,Inactiva,Scintrex CG-6 Autograv (S/N 17060015),SGC
59,1005,1,3/04/2019,4733015.573,2056311.956,9377,4.505658783,-75.40696903,,1952.983,977585.4489,978064.5408,978064.5408,602.6905538,123.5986067,215.2850694,-91.68646273,-67.18241167,-65.97794305,-1.204468617,Inactiva,Scintrex CG-6 Autograv (S/N 17060015),SGC
60,1006,1,3/04/2019,4732834.901,2056687.861,9377,4.509052447,-75.40860808,,1964.5,977581.9249,978064.5888,978064.5888,606.2447,123.5808332,216.5546341,-92.97380087,-68.10316583,-66.28363558,-1.819530251,Inactiva,Scintrex CG-6 Autograv (S/N 17060015),SGC
61,1007,1,3/04/2019,4732722.86,2057148.52,9377,4.513214517,-75.40963131,,1996.752,977574.7723,978064.6476,978064.6476,616.1976672,126.3223817,220.1099001,-93.7875184,-70.10976655,-67.20220754,-2.907559012,Inactiva,Scintrex CG-6 Autograv (S/N 17060015),SGC
62,1008,1,3/04/2019,4732725.304,2057656.494,9377,4.517807853,-75.40962446,,2007.804,977571.4998,978064.7126,978064.7126,619.6083144,126.395553,221.3282059,-94.93265293,-71.13283515,-67.68172578,-3.451109367,Inactiva,Scintrex CG-6 Autograv (S/N 17060015),SGC
63,1009,1,3/04/2019,4732616.519,2056339.144,9377,4.505892706,-75.41056532,,2194.241,977544.136,978064.5441,978064.5441,677.1427726,156.7346236,241.8798966,-85.14527299,-66.24546455,-65.39460696,-0.850857594,Inactiva,Scintrex CG-6 Autograv (S/N 17060015),SGC
64,1010,1,3/04/2019,4732251.102,2056810.842,9377,4.510146997,-75.4138718,,2100.813,977556.2384,978064.6042,978064.6042,648.3108918,139.9450619,231.5809572,-91.63589528,-66.75924035,-65.49825195,-1.260988403,Inactiva,Scintrex CG-6 Autograv (S/N 17060015),SGC
65,1011,1,4/04/2019,4734303.005,2054572.193,9377,4.489965475,-75.39531777,,2411.321,977506.0723,978064.3197,978064.3197,744.1336606,185.8862431,265.8094868,-79.9232437,-68.39637956,-65.07674208,-3.319637475,Inactiva,Scintrex CG-6 Autograv (S/N 17060015),SGC
66,1012,1,4/04/2019,4734011.849,2055090.108,9377,4.494640044,-75.39795636,,2296.192,977528.5646,978064.3855,978064.3855,708.6048512,172.7839458,253.11836,-80.33441426,-68.94207604,-65.57900613,-3.363069907,Inactiva,Scintrex CG-6 Autograv (S/N 17060015),SGC
67,1013,1,4/04/2019,4734158.279,2055595.622,9377,4.49921545,-75.39665198,,2251.795,977534.3848,978064.45,978064.45,694.903937,164.8387735,248.2243025,-83.38552895,-70.71711124,-66.70152884,-4.015582393,Inactiva,Scintrex CG-6 Autograv (S/N 17060015),SGC
68,1014,1,4/04/2019,4734416.014,2056064.898,9377,4.503466486,-75.39434366,,2205.731,977542.56,978064.5099,978064.5099,680.6885866,158.7386765,243.1464849,-84.40780841,-69.87374436,-67.52310515,-2.350639207,Inactiva,Scintrex CG-6 Autograv (S/N 17060015),SGC
69,1015,1,4/04/2019,4733999.026,2056329.517,9377,4.505846892,-75.39810859,,2208.479,977544.0495,978064.5435,978064.5435,681.5366194,161.0426171,243.4494078,-82.40679076,-67.98854718,-67.22104759,-0.767499589,Inactiva,Scintrex CG-6 Autograv (S/N 17060015),SGC
70,1016,1,5/04/2019,4733510.4,2056550.593,9377,4.507831392,-75.40251771,,2133.384,977554.7794,978064.5715,978064.5715,658.3623024,148.5701814,235.1713879,-86.60120642,-71.75547299,-67.9960416,-3.759431395,Inactiva,Scintrex CG-6 Autograv (S/N 17060015),SGC
71,1017,1,5/04/2019,4733441.499,2057048.388,9377,4.512330578,-75.40315331,,2129.391,977554.2436,978064.6351,978064.6351,657.1300626,146.7385735,234.7312236,-87.99265014,-71.16787019,-67.52968387,-3.638186323,Inactiva,Scintrex CG-6 Autograv (S/N 17060015),SGC
72,1018,1,5/04/2019,4732827.547,2058229.955,9377,4.522996339,-75.40872036,,2010.975,977570.055,978064.786,978064.786,620.586885,125.85585,221.6777578,-95.82190779,-72.09612342,-67.63368153,-4.462441889,Inactiva,Scintrex CG-6 Autograv (S/N 17060015),SGC
73,1019,1,7/05/2019,4731248.428,2050471.747,9377,4.452797289,-75.42271707,,2111.11,977570.0439,978063.799,978063.799,651.488546,157.7334011,232.7160364,-74.98263533,-57.00415033,-58.10810929,1.103958951,Inactiva,Scintrex CG-6 Autograv (S/N 17060015),SGC
74,1020,1,7/05/2019,4732006.468,2051236.834,9377,4.459737911,-75.41591027,,2137.603,977564.3753,978063.8959,978063.8959,659.6642858,160.1436388,235.636465,-75.49282618,-55.41506189,-58.13628861,2.721226713,Inactiva,Scintrex CG-6 Autograv (S/N 17060015),SGC
75,1021,1,8/05/2019,4732973.322,2051464.868,9377,4.461828506,-75.40720618,,2235.471,977551.7363,978063.9252,978063.9252,689.8663506,177.6774862,246.4248431,-68.74735691,-54.84421727,-58.62048233,3.77626506,Inactiva,Scintrex CG-6 Autograv (S/N 17060015),SGC
76,1022,1,8/05/2019,4733859.663,2051002.088,9377,4.457670036,-75.3992071,,2317.256,977524.4414,978063.8671,978063.8671,715.1052016,175.6795411,255.4403284,-79.76078732,-59.56120773,-60.29732843,0.736120697,Inactiva,Scintrex CG-6 Autograv (S/N 17060015),SGC
77,1023,1,8/05/2019,4732526.472,2052295.011,9377,4.469321697,-75.41125659,,2380.482,977520.0213,978064.03,978064.03,734.6167452,190.6080473,262.4099814,-71.80193411,-54.53324526,-58.68027923,4.147033976,Inactiva,Scintrex CG-6 Autograv (S/N 17060015),SGC
78,1024,1,8/05/2019,4732243.642,2053211.359,9377,4.477599194,-75.4138319,,2427.719,977507.5723,978064.146,978064.146,749.1940834,192.6203762,267.6171034,-74.99672722,-55.56171484,-58.97358462,3.411869776,Inactiva,Scintrex CG-6 Autograv (S/N 17060015),SGC
79,1025,1,8/05/2019,4732063.661,2054370.089,9377,4.488071408,-75.41548788,,2406.571,977507.7159,978064.2931,978064.2931,742.6678106,186.09063,265.2858754,-79.19524539,-57.38346948,-60.84937196,3.465902478,Inactiva,Scintrex CG-6 Autograv (S/N 17060015),SGC
80,1026,1,8/05/2019,4732230.821,2055571.526,9377,4.498940136,-75.41401756,,2325.947,977520.4187,978064.4461,978064.4461,717.7872442,173.7598612,256.3983718,-82.63851065,-61.36367886,-63.08982395,1.726145094,Inactiva,Scintrex CG-6 Autograv (S/N 17060015),SGC
81,1027,1,9/05/2019,4734317.403,2050170.414,9377,4.450163147,-75.39505876,,2098.681,977573.3907,978063.7623,978063.7623,647.6529566,157.2813493,231.3459384,-74.06458912,-59.12654925,-60.12432224,0.997772986,Inactiva,Scintrex CG-6 Autograv (S/N 17060015),SGC
82,1028,1,9/05/2019,4735398.748,2049562.198,9377,4.444695025,-75.38529873,,2116.528,977565.6238,978063.6861,978063.6861,653.1605408,155.0982269,233.3132841,-78.21505715,-62.65691401,-61.48243413,-1.174479879,Inactiva,Scintrex CG-6 Autograv (S/N 17060015),SGC
83,1029,1,9/05/2019,4734691.325,2049322.013,9377,4.442502483,-75.39166518,,1788.618,977632.8437,978063.6556,978063.6556,551.9675148,121.1556259,197.166463,-76.01083702,-60.87298076,-60.46740107,-0.40557969,Inactiva,Scintrex CG-6 Autograv (S/N 17060015),SGC
84,1030,1,10/05/2019,4733186.203,2050226.421,9377,4.450636319,-75.40525182,,1753.793,977636.6684,978063.7689,978063.7689,541.2205198,114.1200149,193.3275649,-79.20755007,-60.3063169,-59.36791646,-0.93840044,Inactiva,Scintrex CG-6 Autograv (S/N 17060015),SGC
85,1031,1,10/05/2019,4732321.88,2050289.612,9377,4.451182194,-75.41304065,,1816.68,977624.3366,978063.7765,978063.7765,560.627448,121.1875309,200.2598486,-79.07231773,-59.79354245,-58.83472443,-0.958818026,Inactiva,Scintrex CG-6 Autograv (S/N 17060015),SGC
86,1032,1,10/05/2019,4730347.029,2049937.605,9377,4.447940661,-75.43082214,,2047.998,977581.4804,978063.7313,978063.7313,632.0121828,149.7612551,225.7589501,-75.99769503,-59.00421731,-58.0867448,-0.917472511,Inactiva,Scintrex CG-6 Autograv (S/N 17060015),SGC
87,1033,1,13/05/2019,4731998.374,2057771.731,9377,4.518828042,-75.41617764,,2334.807,977517.8691,978064.727,978064.727,720.5214402,173.6635386,257.3750448,-83.71150619,-67.68267829,-66.43893422,-1.243744067,Inactiva,Scintrex CG-6 Autograv (S/N 17060015),SGC
88,1034,1,13/05/2019,4731053.774,2057981.393,9377,4.520695408,-75.42469488,,2634.844,977458.7236,978064.7534,978064.7534,813.1128584,207.083017,290.4493145,-83.36629748,-66.00101004,-65.21175227,-0.789257768,Inactiva,Scintrex CG-6 Autograv (S/N 17060015),SGC
89,1035,1,13/05/2019,4731606.7,2058581.933,9377,4.5261423,-75.41973099,,2193.644,977540.0651,978064.8306,978064.8306,676.9585384,152.1930131,241.8140869,-89.62107377,-69.84612102,-66.4953179,-3.350803121,Inactiva,Scintrex CG-6 Autograv (S/N 17060015),SGC
90,1036,1,14/05/2019,4731154.25,2057283.326,9377,4.514386364,-75.42376861,,2646.374,977458.6535,978064.6642,978064.6642,816.6710164,210.6603605,291.7203121,-81.05995161,-62.71968884,-64.10657864,1.386889807,Inactiva,Scintrex CG-6 Autograv (S/N 17060015),SGC
91,1037,1,15/05/2019,4731303.75,2055593.762,9377,4.499113431,-75.42237101,,2885.666,977410.3691,978064.4485,978064.4485,890.5165276,236.4371021,318.0984193,-81.66131721,-60.39908792,-61.97398908,1.574901159,Inactiva,Scintrex CG-6 Autograv (S/N 17060015),SGC
92,1038,1,15/05/2019,4731308.913,2054631.418,9377,4.490411847,-75.42229575,,2949.058,977399.9426,978064.326,978064.326,910.0792988,245.6959022,325.0863711,-79.39046895,-57.50078624,-60.4669653,2.966179061,Inactiva,Scintrex CG-6 Autograv (S/N 17060015),SGC
93,1039,1,15/05/2019,4731369.286,2053546.074,9377,4.480599711,-75.42171946,,2672.678,977460.6962,978064.1881,978064.1881,824.7884308,221.2965187,294.6199065,-73.32338776,-55.1533185,-58.87263314,3.719314633,Inactiva,Scintrex CG-6 Autograv (S/N 17060015),SGC
94,1040,1,16/05/2019,4731367.499,2052678.497,9377,4.472754811,-75.42170976,,3007.929,977380.5015,978064.0781,978064.0781,928.2468894,244.6703022,331.5759551,-86.905653,-59.28576912,-59.08457176,-0.201197353,Inactiva,Scintrex CG-6 Autograv (S/N 17060015),SGC
95,1041,1,16/05/2019,4731098.754,2051639.218,9377,4.463349394,-75.42410014,,2655.509,977460.1013,978063.9464,978063.9464,819.4900774,215.6449492,292.7272994,-77.08235029,-56.44539429,-58.21061574,1.765221445,Inactiva,Scintrex CG-6 Autograv (S/N 17060015),SGC
96,1042,1,17/05/2019,4732059.776,2056312.42,9377,4.505634394,-75.41558076,,2402.232,977505.6279,978064.5405,978064.5405,741.3287952,182.4161924,264.8075702,-82.39137787,-64.2723805,-64.28514811,0.012767608,Inactiva,Scintrex CG-6 Autograv (S/N 17060015),SGC
97,1043,1,17/05/2019,4731805.388,2052110.459,9377,4.467631503,-75.41774774,,2660.153,977457.156,978064.0063,978064.0063,820.9232158,214.0728798,293.239226,-79.16634622,-56.60252637,-58.49984614,1.897319773,Inactiva,Scintrex CG-6 Autograv (S/N 17060015),SGC
98,1044,1,6/07/2019,4735495.705,2058312.305,9377,4.523820619,-75.38468189,,2927.404,977398.6714,978064.7977,978064.7977,903.3968744,237.2705592,322.6993647,-85.42880551,-70.46196739,-68.76490252,-1.697064864,Inactiva,Scintrex CG-6 Autograv (S/N 17060015),SGC
99,1045,1,6/07/2019,4734944.969,2057477.152,9377,4.516252414,-75.38961948,,2737.342,977435.7248,978064.6906,978064.6906,844.7437412,215.7779899,301.7480759,-85.97008604,-70.48628685,-68.5707846,-1.915502243,Inactiva,Scintrex CG-6 Autograv (S/N 17060015),SGC
100,1046,1,7/07/2019,4737941.901,2058269.897,9377,4.523509461,-75.36263928,,2366.585,977508.0421,978064.7933,978064.7933,730.328131,173.5769252,260.8780599,-87.30113466,-68.48080155,-68.35323266,-0.12756889,Inactiva,Scintrex CG-6 Autograv (S/N 17060015),SGC
101,1047,1,7/07/2019,4737288.605,2057646.187,9377,4.517850264,-75.36850749,,2333.425,977518.4959,978064.7132,978064.7132,720.094955,173.8776933,257.2227014,-83.34500811,-67.56365981,-67.93399411,0.370334295,Inactiva,Scintrex CG-6 Autograv (S/N 17060015),SGC
102,1048,1,7/07/2019,4737230.933,2057108.424,9377,4.512985797,-75.36901136,,2353.172,977516.9607,978064.6444,978064.6444,726.1888792,178.5052274,259.3994917,-80.8942643,-63.9611214,-66.70309987,2.741978476,Inactiva,Scintrex CG-6 Autograv (S/N 17060015),SGC
103,1049,1,8/07/2019,4736366.573,2058089.337,9377,4.52183025,-75.37682843,,2603.956,977464.8784,978064.7695,978064.7695,803.5808216,203.6897068,287.0444076,-83.35470082,-68.36365545,-68.22648086,-0.137174589,Inactiva,Scintrex CG-6 Autograv (S/N 17060015),SGC
104,1050,1,8/07/2019,4735742.963,2057391.357,9377,4.515500294,-75.38242679,,2505.518,977485.5188,978064.6799,978064.6799,773.2028548,194.0417436,276.193196,-82.15145247,-68.44569866,-68.10624696,-0.339451708,Inactiva,Scintrex CG-6 Autograv (S/N 17060015),SGC
105,1051,1,9/07/2019,4733492.531,2058664.55,9377,4.526946025,-75.40274166,,2403.849,977499.9649,978064.842,978064.842,741.8278014,176.9506793,264.9858186,-88.03513922,-72.56910538,-68.73366682,-3.835438559,Inactiva,Scintrex CG-6 Autograv (S/N 17060015),SGC
106,1052,1,9/07/2019,4734522.755,2057196.507,9377,4.513702147,-75.39341541,,2545.61,977476.1045,978064.6545,978064.6545,785.575246,197.0252657,280.6126964,-83.58743066,-70.36593643,-68.3149009,-2.051035534,Inactiva,Scintrex CG-6 Autograv (S/N 17060015),SGC
107,1053,1,10/07/2019,4733938.999,2057352.923,9377,4.515099139,-75.39867981,,2369.157,977508.7987,978064.6742,978064.6742,731.1218502,175.2463133,261.1615817,-85.91526834,-72.1304408,-68.30674663,-3.823694166,Inactiva,Scintrex CG-6 Autograv (S/N 17060015),SGC
108,1054,1,10/07/2019,4736804.04,2054489.85,9377,4.489294592,-75.37278109,,2442.736,977503.2102,978064.3103,978064.3103,753.8283296,192.7282482,269.2724869,-76.54423872,-61.96756561,-64.69321253,2.725646913,Inactiva,Scintrex CG-6 Autograv (S/N 17060015),SGC
109,1055,1,10/07/2019,4736881.366,2053996.613,9377,4.484836733,-75.37206998,,2542.674,977485.9868,978064.2476,978064.2476,784.6691964,206.4083805,280.2890494,-73.88066897,-62.72534098,-64.28181953,1.556478548,Inactiva,Scintrex CG-6 Autograv (S/N 17060015),SGC
110,1056,1,12/07/2019,4734476.462,2051704.983,9377,4.464044056,-75.39367064,,1649.988,977645.8979,978063.9561,978063.9561,509.1862968,91.12805393,181.8847277,-90.75667376,-58.49323262,-60.29494338,1.801710758,Inactiva,Scintrex CG-6 Autograv (S/N 17060015),SGC
111,1057,1,12/07/2019,4733798.979,2052430.164,9377,4.470581472,-75.3997958,,1726.835,977633.1084,978064.0476,978064.0476,532.901281,101.962041,190.3558776,-88.39383656,-57.36411941,-60.17438627,2.810266861,Inactiva,Scintrex CG-6 Autograv (S/N 17060015),SGC
112,1058,1,12/07/2019,4733478.173,2053402.827,9377,4.479367169,-75.40271484,,1759.402,977618.9411,978064.1708,978064.1708,542.9514572,97.72174419,193.9458673,-96.22412309,-59.62149689,-61.24187037,1.620373483,Inactiva,Scintrex CG-6 Autograv (S/N 17060015),SGC
113,1059,1,17/07/2019,4733110.088,2054181.265,9377,4.486395164,-75.40605421,,1903.289,977595.6017,978064.2695,978064.2695,587.3549854,118.6871692,209.8071025,-91.11993336,-61.88298757,-62.21929661,0.336309037,Inactiva,Scintrex CG-6 Autograv (S/N 17060015),SGC
114,1060,1,13/07/2019,4732829.657,2055198.699,9377,4.4955868,-75.40861103,,1931.298,977589.7657,978064.3988,978064.3988,595.9985628,121.3654249,212.8946458,-91.52922092,-63.20411287,-63.54519376,0.341080884,Inactiva,Scintrex CG-6 Autograv (S/N 17060015),SGC
115,1061,1,14/07/2019,4734926.503,2054321.067,9377,4.487713122,-75.38969271,,2741.795,977426.0208,978064.288,978064.288,846.117937,207.8506939,302.2389478,-94.3882539,-75.25860608,-65.86808683,-9.390519251,Inactiva,Scintrex CG-6 Autograv (S/N 17060015),SGC
116,1062,1,14/07/2019,4735544.745,2054446.675,9377,4.488867167,-75.38412608,,2739.027,977427.2135,978064.3043,978064.3043,845.2637322,208.1729619,301.9338201,-93.76085821,-76.63514109,-66.18072399,-10.4544171,Inactiva,Scintrex CG-6 Autograv (S/N 17060015),SGC
117,1063,1,15/07/2019,4737306.612,2054228.624,9377,4.486947161,-75.36824527,,2746.043,977439.6266,978064.2773,978064.2773,847.4288698,222.7781947,302.7072217,-79.92902703,-64.75365998,-66.17851442,1.424854442,Inactiva,Scintrex CG-6 Autograv (S/N 17060015),SGC
118,1064,1,15/07/2019,4737759.068,2054119.666,9377,4.485975119,-75.36416544,,2743.035,977443.16,978064.2636,978064.2636,846.500601,225.3969883,302.3756379,-76.97864959,-61.33567825,-64.00137372,2.665695468,Inactiva,Scintrex CG-6 Autograv (S/N 17060015),SGC
119,1065,1,15/07/2019,4737370.234,2053706.813,9377,4.482230489,-75.36765683,,2666.084,977460.8315,978064.211,978064.211,822.7535224,219.3740146,293.8930237,-74.51900906,-60.57140624,-63.47137761,2.899971369,Inactiva,Scintrex CG-6 Autograv (S/N 17060015),SGC
120,1066,1,15/07/2019,4737041.309,2053274.724,9377,4.478313672,-75.37060785,,2572.207,977477.9025,978064.156,978064.156,793.7830802,207.5295496,283.5445893,-76.01503968,-63.1470302,-63.47827131,0.331241116,Inactiva,Scintrex CG-6 Autograv (S/N 17060015),SGC
121,1067,1,15/07/2019,4736823.41,2052857.419,9377,4.474533794,-75.37255894,,2418.703,977508.6994,978064.103,978064.103,746.4117458,191.0081251,266.6232339,-75.61510889,-61.72597063,-62.9681607,1.242190068,Inactiva,Scintrex CG-6 Autograv (S/N 17060015),SGC
122,1068,1,16/07/2019,4736892.005,2051368.316,9377,4.461070464,-75.37189762,,2070.911,977577.5776,978063.9146,978063.9146,639.0831346,152.7461659,228.284741,-75.53857513,-59.38203783,-61.67047352,2.288435688,Inactiva,Scintrex CG-6 Autograv (S/N 17060015),SGC
123,1069,1,16/07/2019,4737122.248,2050902.697,9377,4.456866767,-75.3698097,,2046.454,977582.2191,978063.8558,978063.8558,631.5357044,149.8989613,225.5887488,-75.68978757,-60.24446448,-61.98669925,1.742234766,Inactiva,Scintrex CG-6 Autograv (S/N 17060015),SGC
124,1070,1,16/07/2019,4737596.824,2050550.841,9377,4.453698856,-75.36552375,,2020.341,977588.2204,978063.8116,978063.8116,623.4772326,147.8860088,222.7102092,-74.82420035,-61.33249077,-62.31774743,0.985256657,Inactiva,Scintrex CG-6 Autograv (S/N 17060015),SGC
125,1071,1,16/07/2019,4738065.425,2050535.177,9377,4.453570789,-75.36130135,,1929.967,977604.1039,978063.8098,978063.8098,595.5878162,135.8818794,212.7479244,-76.86604497,-61.81485058,-62.41471108,0.599860497,Inactiva,Scintrex CG-6 Autograv (S/N 17060015),SGC
126,2000,0,"31/03/2019, 20/05/2019, 21/05/2019, 22/05/2019, 23/05/2019, 24/05/2019",4735995.141,2054055.317,9377,4.485341558,-75.38005655,,2535.127,977480.179,978064.2547,978064.2547,782.3401922,198.2644829,279.4571137,-81.19263077,-71.79346753,-64.29858813,-7.494879394,Inactiva,Scintrex CG-6 Autograv (S/N 17060015),SGC
127,2001,1,20/05/2019,4734295.394,2053488.413,9377,4.480165258,-75.3953544,,2380.486,977514.4367,978064.182,978064.182,734.6179796,184.8726657,262.4104223,-77.53775659,-61.88710373,-62.94348535,1.056381615,Inactiva,Scintrex CG-6 Autograv (S/N 17060015),SGC
128,2002,1,20/05/2019,4734342.082,2054074.614,9377,4.485467317,-75.39495102,,2390.125,977509.9132,978064.2565,978064.2565,737.592575,183.2492985,263.4729675,-80.22366903,-64.97168365,-62.98430332,-1.987380333,Inactiva,Scintrex CG-6 Autograv (S/N 17060015),SGC
129,2003,1,20/05/2019,4734621.797,2054975.716,9377,4.493623736,-75.39245738,,2417.916,977503.6807,978064.3712,978064.3712,746.1688776,185.478381,266.5364798,-81.05809876,-70.55276513,-64.57155993,-5.981205206,Inactiva,Scintrex CG-6 Autograv (S/N 17060015),SGC
130,2004,1,20/05/2019,4735104.044,2055107.941,9377,4.494833639,-75.38811623,,2454.086,977494.2288,978064.3882,978064.3882,757.3309396,187.1715081,270.5236425,-83.35213435,-72.89836237,-66.95217324,-5.946189135,Inactiva,Scintrex CG-6 Autograv (S/N 17060015),SGC
131,2005,1,20/05/2019,4735482.151,2054814.803,9377,4.492194111,-75.38470086,,2512.749,977481.59,978064.3511,978064.3511,775.4343414,192.6732675,276.9902979,-84.31703041,-74.08419754,-66.06480409,-8.019393459,Inactiva,Scintrex CG-6 Autograv (S/N 17060015),SGC
132,2006,1,20/05/2019,4736012.927,2054799.148,9377,4.492068186,-75.3799181,,2522.927,977481.2453,978064.3493,978064.3493,778.5752722,195.4712704,278.1122592,-82.64098881,-73.70346579,-65.8436415,-7.859824293,Inactiva,Scintrex CG-6 Autograv (S/N 17060015),SGC
133,2007,1,21/05/2019,4736730.729,2051808.04,9377,4.465042,-75.37336345,,2031.563,977584.2841,978063.9701,978063.9701,626.9403418,147.2543404,223.9472548,-76.69291441,-59.40276287,-61.9284578,2.525694931,Inactiva,Scintrex CG-6 Autograv (S/N 17060015),SGC
134,2008,1,21/05/2019,4736502.388,2052249.049,9377,4.469023181,-75.37543358,,2050.348,977581.08,978064.0258,978064.0258,632.7373928,149.7915746,226.0179999,-76.22642533,-58.73556056,-62.03391662,3.298356057,Inactiva,Scintrex CG-6 Autograv (S/N 17060015),SGC
135,2009,1,21/05/2019,4736001.537,2052046.85,9377,4.467180139,-75.37994023,,2109.385,977572.3581,978064,978064,650.956211,159.3142924,232.5258828,-73.21159045,-58.85872935,-61.63573978,2.777010434,Inactiva,Scintrex CG-6 Autograv (S/N 17060015),SGC
136,2010,1,21/05/2019,4735370.515,2051900.027,9377,4.465833997,-75.38562126,,2182.301,977558.3644,978063.9812,978063.9812,673.4580886,167.8413071,240.563703,-72.72239589,-57.88964689,-60.91163721,3.021990313,Inactiva,Scintrex CG-6 Autograv (S/N 17060015),SGC
137,2011,1,21/05/2019,4735218.013,2052406.199,9377,4.470406572,-75.38701006,,2242.922,977546.704,978064.0452,978064.0452,692.1657292,174.8245388,247.2461965,-72.42165762,-57.69773779,-61.48269432,3.784956526,Inactiva,Scintrex CG-6 Autograv (S/N 17060015),SGC
138,2012,1,21/05/2019,4735080.12,2052867.923,9377,4.474577647,-75.38826597,,2256.031,977544.0623,978064.1036,978064.1036,696.2111666,176.1698311,248.6912536,-72.52142247,-57.91263839,-61.93044563,4.017807236,Inactiva,Scintrex CG-6 Autograv (S/N 17060015),SGC
139,2013,1,21/05/2019,4734477.959,2053115.721,9377,4.476800603,-75.39369857,,2310.671,977529.2961,978064.1348,978064.1348,713.0730706,178.2343649,254.7144377,-76.48007275,-61.00715117,-62.19705378,1.189902612,Inactiva,Scintrex CG-6 Autograv (S/N 17060015),SGC
140,2014,1,22/05/2019,4736167.6,2050592.115,9377,4.4540305,-75.3784017,,1864.098,977615.8562,978063.8163,978063.8163,575.2606428,127.3005912,205.486923,-78.18633177,-64.44651731,-61.96219436,-2.484322953,Inactiva,Scintrex CG-6 Autograv (S/N 17060015),SGC
141,2015,1,22/05/2019,4735689.763,2050907.244,9377,4.456866108,-75.38271598,,1953.49,977598.3486,978063.8558,978063.8558,602.847014,137.3397801,215.3409581,-78.00117798,-65.30414648,-61.76341216,-3.540734324,Inactiva,Scintrex CG-6 Autograv (S/N 17060015),SGC
142,2016,1,22/05/2019,4735344.716,2051313.901,9377,4.460533206,-75.38583658,,1980.149,977595.919,978063.9071,978063.9071,611.0739814,143.0859213,218.2796855,-75.1937642,-62.20548451,-61.21801893,-0.987465588,Inactiva,Scintrex CG-6 Autograv (S/N 17060015),SGC
143,2017,1,22/05/2019,4736046.435,2051059.847,9377,4.458256453,-75.37950695,,1950.485,977599.2234,978063.8753,978063.8753,601.919671,137.2678201,215.009705,-77.74188491,-64.90836685,-61.73592655,-3.172440305,Inactiva,Scintrex CG-6 Autograv (S/N 17060015),SGC
144,2018,1,22/05/2019,4735846.344,2051518.194,9377,4.462395211,-75.38132305,,2030.948,977586.9141,978063.9331,978063.9331,626.7505528,149.731566,223.8794609,-74.14789486,-61.83148204,-61.40428245,-0.427199588,Inactiva,Scintrex CG-6 Autograv (S/N 17060015),SGC
145,2019,1,23/05/2019,4736415.271,2057257.359,9377,4.5143085,-75.37636513,,2310.153,977523.646,978064.6631,978064.6631,712.9132158,171.8961611,254.6573365,-82.76117542,-68.42249751,-67.85052893,-0.571968577,Inactiva,Scintrex CG-6 Autograv (S/N 17060015),SGC
146,2020,1,23/05/2019,4735967.174,2057033.915,9377,4.512274756,-75.38039604,,2306.184,977525.0424,978064.6343,978064.6343,711.6883824,172.0964824,254.2198179,-82.12333552,-67.87606259,-67.66547929,-0.210583298,Inactiva,Scintrex CG-6 Autograv (S/N 17060015),SGC
147,2021,1,23/05/2019,4735624.297,2056565.111,9377,4.508025453,-75.38347163,,2276.633,977530.4671,978064.5743,978064.5743,702.5689438,168.4617823,250.9622938,-82.50051155,-68.9157907,-67.58469682,-1.33109388,Inactiva,Scintrex CG-6 Autograv (S/N 17060015),SGC
148,2022,1,23/05/2019,4735054.968,2056632.422,9377,4.508617247,-75.38860338,,2323.795,977522.3319,978064.5826,978064.5826,717.123137,174.8724174,256.1611483,-81.28873095,-68.03507928,-67.63605701,-0.39902227,Inactiva,Scintrex CG-6 Autograv (S/N 17060015),SGC
149,2023,1,23/05/2019,4734551.21,2056460.649,9377,4.50704905,-75.39313724,,2294.368,977528.3612,978064.5605,978064.5605,708.0419648,171.842691,252.9172933,-81.0746023,-67.93534376,-67.49632945,-0.439014305,Inactiva,Scintrex CG-6 Autograv (S/N 17060015),SGC
150,2024,1,24/05/2019,4736619.754,2055485.311,9377,4.498290694,-75.37447065,,2361.087,977515.9614,978064.4369,978064.4369,728.6314482,180.1559179,260.2719935,-80.11607565,-63.83271636,-65.82759316,1.9948768,Inactiva,Scintrex CG-6 Autograv (S/N 17060015),SGC
151,2025,1,24/05/2019,4736702.851,2054975.823,9377,4.493686064,-75.37370702,,2397.092,977510.9616,978064.3721,978064.3721,739.7425912,186.3321172,264.2409676,-77.90885041,-63.15403029,-65.38291631,2.228886022,Inactiva,Scintrex CG-6 Autograv (S/N 17060015),SGC
152,2026,1,24/05/2019,4736371.076,2055823.504,9377,4.501341508,-75.3767212,,2339.732,977519.4043,978064.4799,978064.4799,722.0412952,176.9656578,257.9179471,-80.9522893,-67.98505174,-66.9165099,-1.068541842,Inactiva,Scintrex CG-6 Autograv (S/N 17060015),SGC
153,2027,1,24/05/2019,4736089.97,2056332.424,9377,4.505935144,-75.37926897,,2324.452,977522.0485,978064.5447,978064.5447,717.3258872,174.8296391,256.233572,-81.40393291,-70.25144286,-67.4556403,-2.795802564,Inactiva,Scintrex CG-6 Autograv (S/N 17060015),SGC
154,3008,1,18/10/2019,4737989.629,2049294.807,9377,4.442352364,-75.3619485,,1786.384,977634.2951,978063.6535,978063.6535,551.2781024,121.919703,196.9202003,-75.00049729,-60.76578622,-61.78459506,1.018808841,Inactiva,Scintrex CG-6 Autograv (S/N 17060015),SGC
155,3014,1,21/10/2019,4737779.958,2051289.244,9377,4.460381275,-75.36389511,,2312.384,977528.4452,978063.9049,978063.9049,713.6017024,178.1419654,254.9032685,-76.76130305,-61.13042753,-62.55583627,1.425408741,Inactiva,Scintrex CG-6 Autograv (S/N 17060015),SGC
156,3015,1,21/10/2019,4737570.978,2051961.665,9377,4.466455647,-75.36579745,,2494.082,977489.6755,978063.9899,978063.9899,769.6737052,195.3593254,274.9325604,-79.57323499,-62.46124759,-62.67971012,0.218462532,Inactiva,Scintrex CG-6 Autograv (S/N 17060015),SGC
157,73124018,1,10/05/2019,4731859.783,2049294.485,9377,4.442170299,-75.41717448,,1832.207,977623.5576,978063.651,978063.651,565.4190802,125.3257148,201.9714515,-76.64573671,-57.9284702,-58.3218369,0.393366696,Inactiva,Scintrex CG-6 Autograv (S/N 17060015),SGC
158,73124019,1,24/07/2019,4733663.917,2048772.27,9377,4.43750138,-75.40090535,,1797.176,977629.5971,978063.586,978063.586,554.6085136,120.6195952,198.1098453,-77.49025005,-60.89412818,-59.5474813,-1.346646876,Inactiva,Scintrex CG-6 Autograv (S/N 17060015),SGC
159,1073,1,19/07/2019,4735465.024,2053225.941,9377,4.477826339,-75.38480855,,2405.89,977509.1817,978064.1492,978064.1492,742.457654,187.4901603,265.2108061,-77.72064573,-65.6326037,-67.15468727,1.522083564,Inactiva,Scintrex CG-6 Autograv (S/N 17060015),SGC
160,1074,1,19/07/2019,4735636.843,2052739.402,9377,4.473431858,-75.38324626,,2390.515,977516.4443,978064.0876,978064.0876,737.712929,190.0696537,263.5159588,-73.4463051,-61.21105008,-63.39681522,2.185765144,Inactiva,Scintrex CG-6 Autograv (S/N 17060015),SGC
161,1075,1,20/07/2019,4734999.862,2056142.294,9377,4.504183658,-75.38908542,,2315.961,977520.2018,978064.52,978064.52,714.7055646,170.3873356,255.2975754,-84.91023978,-72.36710331,-67.96378651,-4.403316805,Inactiva,Scintrex CG-6 Autograv (S/N 17060015),SGC
162,1076,1,20/07/2019,4738690.029,2050631.249,9377,4.454457606,-75.35567662,,1884.28,977608.699,978063.8222,978063.8222,581.488808,126.365596,207.711665,-81.34606895,-66.3130266,-63.80553127,-2.507495332,Inactiva,Scintrex CG-6 Autograv (S/N 17060015),SGC
163,1077,1,20/07/2019,4739132.766,2050349.165,9377,4.451919578,-75.35167957,,1903.57,977607.2473,978063.7868,978063.7868,587.441702,130.9022006,209.8380783,-78.93587762,-66.96777097,-63.57330125,-3.394469724,Inactiva,Scintrex CG-6 Autograv (S/N 17060015),SGC
164,3000,0,"31/03/2019, 21/07/2019, 22/07/2019, 18/10/2019, 19/10/2019, 20/10/2019, 21/10/2019, 22/10/2019, 23/10/2019, 25/10/2019",4739386.962,2050652.905,9377,4.454673544,-75.34939805,,1986.547,977593.3551,978063.8252,978063.8252,613.0484042,142.5782786,218.9849624,-76.40668385,-64.7102714,-63.24998973,-1.460281671,Inactiva,Scintrex CG-6 Autograv (S/N 17060015),SGC
165,3001,1,21/07/2019,4740602.949,2049404.111,9377,4.443415903,-75.3384066,,2133.285,977564.3099,978063.6683,978063.6683,658.331751,158.9733471,235.1604747,-76.18712757,-64.63192995,-63.86020687,-0.771723078,Inactiva,Scintrex CG-6 Autograv (S/N 17060015),SGC
166,3002,1,21/07/2019,4740909.309,2049772.675,9377,4.446757522,-75.33565688,,2108.31,977568.1544,978063.7148,978063.7148,650.624466,155.064024,232.4073813,-77.34335733,-64.00263404,-64.03416985,0.03153581,Inactiva,Scintrex CG-6 Autograv (S/N 17060015),SGC
167,3003,1,22/07/2019,4740548.186,2050177.403,9377,4.450407056,-75.33892206,,2083.56,977577.1002,978063.7657,978063.7657,642.986616,156.3211079,229.6790905,-73.35798268,-62.4715459,-63.77222867,1.300682769,Inactiva,Scintrex CG-6 Autograv (S/N 17060015),SGC
168,3004,1,22/07/2019,4740667.382,2050631.095,9377,4.454513125,-75.33786109,,2080.703,977575.6057,978063.823,978063.823,642.1049458,153.887659,229.3641521,-75.47649306,-63.76120744,-64.15413003,0.392922591,Inactiva,Scintrex CG-6 Autograv (S/N 17060015),SGC
169,3005,1,22/07/2019,4741000.187,2050953.33,9377,4.457436578,-75.33487176,,2006.705,977586.8625,978063.8638,978063.8638,619.269163,142.2678628,221.2070588,-78.93919593,-64.16293838,-64.30138532,0.138446942,Inactiva,Scintrex CG-6 Autograv (S/N 17060015),SGC
170,3006,1,22/07/2019,4740902.533,2051445.846,9377,4.461887506,-75.33576569,,1986.783,977587.7788,978063.926,978063.926,613.1212338,136.9740447,219.0109776,-82.03693294,-65.31749618,-64.5664008,-0.751095379,Inactiva,Scintrex CG-6 Autograv (S/N 17060015),SGC
171,3007,1,18/10/2019,4738893.533,2049666.878,9377,4.445742958,-75.35381539,,1788.367,977632.7803,978063.7007,978063.7007,551.8900562,120.9696475,197.1387942,-76.16914674,-61.83097565,-62.36170666,0.530731019,Inactiva,Scintrex CG-6 Autograv (S/N 17060015),SGC
172,3009,1,18/10/2019,4739686.124,2050089.959,9377,4.449591575,-75.34668653,,1800.746,977629.0566,978063.7543,978063.7543,555.7102156,121.012477,198.5033805,-77.49090357,-61.64943771,-62.96996183,1.320524113,Inactiva,Scintrex CG-6 Autograv (S/N 17060015),SGC
173,3010,1,19/10/2019,4736637.182,2049429.066,9377,4.443527242,-75.37413726,,1757.83,977636.0177,978063.6699,978063.6699,542.466338,114.8141841,193.7725795,-78.9583954,-64.29224611,-61.95366255,-2.338583559,Inactiva,Scintrex CG-6 Autograv (S/N 17060015),SGC
174,3011,1,20/10/2019,4741439.167,2049034.61,9377,4.440098444,-75.330862,,2409.244,977496.7918,978063.6221,978063.6221,743.4926984,176.6623619,265.5805308,-88.91816893,-67.88405042,-64.4357652,-3.448285218,Inactiva,Scintrex CG-6 Autograv (S/N 17060015),SGC
175,3012,1,20/10/2019,4741428.582,2050184.658,9377,4.450497858,-75.33099006,,2402.272,977506.4688,978063.767,978063.767,741.3411392,184.042965,264.8119796,-80.76901462,-65.0962228,-64.60059103,-0.49563177,Inactiva,Scintrex CG-6 Autograv (S/N 17060015),SGC
176,3013,1,21/10/2019,4738177.739,2051246.118,9377,4.460002836,-75.36030996,,2213.993,977549.5302,978063.8996,978063.8996,683.2382398,168.8687911,244.0572379,-75.18844688,-60.93681098,-62.36041549,1.423604506,Inactiva,Scintrex CG-6 Autograv (S/N 17060015),SGC
177,3016,1,21/10/2019,4738341.79,2052508.728,9377,4.471424953,-75.35886838,,2573.362,977473.4708,978064.0595,978064.0595,794.1395132,203.5508583,283.6719095,-80.12105124,-63.48161869,-63.38421075,-0.097407938,Inactiva,Scintrex CG-6 Autograv (S/N 17060015),SGC
178,3017,1,21/10/2019,4739015.414,2052184.19,9377,4.468509783,-75.35278971,,2108.649,977564.3176,978064.0186,978064.0186,650.7290814,151.028051,232.4447506,-81.41669962,-62.40362611,-63.41631336,1.01268725,Inactiva,Scintrex CG-6 Autograv (S/N 17060015),SGC
179,3018,1,22/10/2019,4741675.123,2051182.9,9377,4.459531856,-75.32879718,,2246.617,977542.1482,978063.8931,978063.8931,693.3060062,171.5611382,247.653511,-76.09237277,-64.12931123,-64.68577762,0.556466389,Inactiva,Scintrex CG-6 Autograv (S/N 17060015),SGC
180,3019,1,22/10/2019,4741733.449,2052171.143,9377,4.468470075,-75.32829984,,2303.026,977525.7573,978064.0181,978064.0181,710.7138236,172.4530491,253.871699,-81.41864992,-65.66398522,-64.91681034,-0.747174882,Inactiva,Scintrex CG-6 Autograv (S/N 17060015),SGC
181,3020,1,22/10/2019,4741019.215,2052282.191,9377,4.469453769,-75.33473831,,2328.19,977521.6675,978064.0318,978064.0318,718.479434,176.1150867,256.6456266,-80.53053987,-64.01501825,-64.61915663,0.604138382,Inactiva,Scintrex CG-6 Autograv (S/N 17060015),SGC
182,3021,1,23/10/2019,4739259.37,2051453.813,9377,4.46191225,-75.35057065,,2066.068,977576.0084,978063.9263,978063.9263,637.5885848,149.6706498,227.7508779,-78.08022815,-63.00437451,-63.15969708,0.155322566,Inactiva,Scintrex CG-6 Autograv (S/N 17060015),SGC
183,3022,1,23/10/2019,4738887.681,2051506.802,9377,4.462380675,-75.35392104,,2179.803,977549.4836,978063.9329,978063.9329,672.6872058,158.2379223,240.2883385,-82.05041624,-65.39288885,-64.00085833,-1.392030524,Inactiva,Scintrex CG-6 Autograv (S/N 17060015),SGC
184,3023,1,25/10/2019,4740019.008,2051673.049,9377,4.463916656,-75.3437327,,2339.895,977519.8658,978063.9544,978063.9544,722.091597,178.0030359,257.9359152,-79.93287934,-64.23630358,-64.0238885,-0.212415084,Inactiva,Scintrex CG-6 Autograv (S/N 17060015),SGC
185,3024,1,25/10/2019,4740260.711,2051069.569,9377,4.458466481,-75.34153768,,2014.666,977585.9545,978063.8782,978063.8782,621.7259276,143.802243,222.0846314,-78.28238843,-64.47741505,-64.06330844,-0.414106609,Inactiva,Scintrex CG-6 Autograv (S/N 17060015),SGC
186,3025,1,25/10/2019,4739795.423,2050836.891,9377,4.456349039,-75.34572318,,2008.001,977588.4678,978063.8486,978063.8486,619.6691086,144.2882943,221.349922,-77.06162767,-64.31703473,-63.87367141,-0.443363324,Inactiva,Scintrex CG-6 Autograv (S/N 17060015),SGC
