x,y,dpred_nT
-1.500000000000000000e+02,-1.500000000000000000e+02,-5.997986632006923058e-01
-1.396551724137931103e+02,-1.500000000000000000e+02,-6.215067398167064550e-01
-1.293103448275862206e+02,-1.500000000000000000e+02,-6.398393172411415142e-01
-1.189655172413793025e+02,-1.500000000000000000e+02,-6.539010599030471438e-01
-1.086206896551724128e+02,-1.500000000000000000e+02,-6.628600243567935868e-01
-9.827586206896552312e+01,-1.500000000000000000e+02,-6.660536866896704655e-01
-8.793103448275861922e+01,-1.500000000000000000e+02,-6.631156623232933311e-01
-7.758620689655171532e+01,-1.500000000000000000e+02,-6.541090291942269763e-01
-6.724137931034482563e+01,-1.500000000000000000e+02,-6.396425252822345309e-01
-5.689655172413793593e+01,-1.500000000000000000e+02,-6.209374877656378411e-01
-4.655172413793103203e+01,-1.500000000000000000e+02,-5.998103524120660390e-01
-3.620689655172412813e+01,-1.500000000000000000e+02,-5.785426568996195895e-01
-2.586206896551723844e+01,-1.500000000000000000e+02,-5.596310832633089039e-01
-1.551724137931034875e+01,-1.500000000000000000e+02,-5.454426741230165021e-01
-5.172413793103430635e+00,-1.500000000000000000e+02,-5.378363253730640281e-01
5.172413793103459057e+00,-1.500000000000000000e+02,-5.378363253730641391e-01
1.551724137931034875e+01,-1.500000000000000000e+02,-5.454426741230165021e-01
2.586206896551723844e+01,-1.500000000000000000e+02,-5.596310832633087928e-01
3.620689655172412813e+01,-1.500000000000000000e+02,-5.785426568996195895e-01
4.655172413793104624e+01,-1.500000000000000000e+02,-5.998103524120660390e-01
5.689655172413793593e+01,-1.500000000000000000e+02,-6.209374877656378411e-01
6.724137931034482563e+01,-1.500000000000000000e+02,-6.396425252822344198e-01
7.758620689655174374e+01,-1.500000000000000000e+02,-6.541090291942269763e-01
8.793103448275863343e+01,-1.500000000000000000e+02,-6.631156623232933311e-01
9.827586206896552312e+01,-1.500000000000000000e+02,-6.660536866896704655e-01
1.086206896551724412e+02,-1.500000000000000000e+02,-6.628600243567935868e-01
1.189655172413793025e+02,-1.500000000000000000e+02,-6.539010599030471438e-01
1.293103448275862206e+02,-1.500000000000000000e+02,-6.398393172411415142e-01
1.396551724137931387e+02,-1.500000000000000000e+02,-6.215067398167063439e-01
1.500000000000000000e+02,-1.500000000000000000e+02,-5.997986632006923058e-01
-1.500000000000000000e+02,-1.396551724137931103e+02,-6.215067398167065660e-01
-1.396551724137931103e+02,-1.396551724137931103e+02,-6.411377352587380729e-01
-1.293103448275862206e+02,-1.396551724137931103e+02,-6.558712163438106257e-01
-1.189655172413793025e+02,-1.396551724137931103e+02,-6.644057217536395443e-01
-1.086206896551724128e+02,-1.396551724137931103e+02,-6.655737490940347723e-01
-9.827586206896552312e+01,-1.396551724137931103e+02,-6.583575900183634699e-01
-8.793103448275861922e+01,-1.396551724137931103e+02,-6.421828386329505589e-01
-7.758620689655171532e+01,-1.396551724137931103e+02,-6.171989365577740250e-01
-6.724137931034482563e+01,-1.396551724137931103e+02,-5.843818748312159528e-01
-5.689655172413793593e+01,-1.396551724137931103e+02,-5.455510340309512873e-01
-4.655172413793103203e+01,-1.396551724137931103e+02,-5.038674135771087359e-01
-3.620689655172412813e+01,-1.396551724137931103e+02,-4.629852886791396283e-01
-2.586206896551723844e+01,-1.396551724137931103e+02,-4.271547622995516824e-01
-1.551724137931034875e+01,-1.396551724137931103e+02,-4.005702210715341716e-01
-5.172413793103430635e+00,-1.396551724137931103e+02,-3.863463224851200750e-01
5.172413793103459057e+00,-1.396551724137931103e+02,-3.863551382127334288e-01
1.551724137931034875e+01,-1.396551724137931103e+02,-4.005702210715341716e-01
2.586206896551723844e+01,-1.396551724137931103e+02,-4.271547622995516824e-01
3.620689655172412813e+01,-1.396551724137931103e+02,-4.629378296098768941e-01
4.655172413793104624e+01,-1.396551724137931103e+02,-5.038674135771089579e-01
5.689655172413793593e+01,-1.396551724137931103e+02,-5.456014173555121527e-01
6.724137931034482563e+01,-1.396551724137931103e+02,-5.843359660925623311e-01
7.758620689655174374e+01,-1.396551724137931103e+02,-6.171989365577740250e-01
8.793103448275863343e+01,-1.396551724137931103e+02,-6.422143519768533926e-01
9.827586206896552312e+01,-1.396551724137931103e+02,-6.583575900183634699e-01
1.086206896551724412e+02,-1.396551724137931103e+02,-6.655563305363507709e-01
1.189655172413793025e+02,-1.396551724137931103e+02,-6.644177722513004980e-01
1.293103448275862206e+02,-1.396551724137931103e+02,-6.558632416430431045e-01
1.396551724137931387e+02,-1.396551724137931103e+02,-6.411377352587380729e-01
1.500000000000000000e+02,-1.396551724137931103e+02,-6.215067398167064550e-01
-1.500000000000000000e+02,-1.293103448275862206e+02,-6.398393172411416252e-01
-1.396551724137931103e+02,-1.293103448275862206e+02,-6.558712163438108478e-01
-1.293103448275862206e+02,-1.293103448275862206e+02,-6.648182468842976922e-01
-1.189655172413793025e+02,-1.293103448275862206e+02,-6.648852938040760163e-01
-1.086206896551724128e+02,-1.293103448275862206e+02,-6.541402389342115820e-01
-9.827586206896552312e+01,-1.293103448275862206e+02,-6.311688351886218795e-01
-8.793103448275861922e+01,-1.293103448275862206e+02,-5.950925091693962665e-01
-7.758620689655171532e+01,-1.293103448275862206e+02,-5.457445341486231172e-01
-6.724137931034482563e+01,-1.293103448275862206e+02,-4.843918491765534795e-01
-5.689655172413793593e+01,-1.293103448275862206e+02,-4.144530915566775886e-01
-4.655172413793103203e+01,-1.293103448275862206e+02,-3.401870591974980873e-01
-3.620689655172412813e+01,-1.293103448275862206e+02,-2.678169338291135348e-01
-2.586206896551723844e+01,-1.293103448275862206e+02,-2.048064464369494242e-01
-1.551724137931034875e+01,-1.293103448275862206e+02,-1.579899024311362810e-01
-5.172413793103430635e+00,-1.293103448275862206e+02,-1.330437094939743992e-01
5.172413793103459057e+00,-1.293103448275862206e+02,-1.330437094939744824e-01
1.551724137931034875e+01,-1.293103448275862206e+02,-1.579899024311362810e-01
2.586206896551723844e+01,-1.293103448275862206e+02,-2.049330120568671199e-01
3.620689655172412813e+01,-1.293103448275862206e+02,-2.679722781818997812e-01
4.655172413793104624e+01,-1.293103448275862206e+02,-3.400194740079715561e-01
5.689655172413793593e+01,-1.293103448275862206e+02,-4.144530915566775331e-01
6.724137931034482563e+01,-1.293103448275862206e+02,-4.843918491765534795e-01
7.758620689655174374e+01,-1.293103448275862206e+02,-5.457445341486232282e-01
8.793103448275863343e+01,-1.293103448275862206e+02,-5.949905365627544684e-01
9.827586206896552312e+01,-1.293103448275862206e+02,-6.311688351886218795e-01
1.086206896551724412e+02,-1.293103448275862206e+02,-6.541402389342116930e-01
1.189655172413793025e+02,-1.293103448275862206e+02,-6.648852938040760163e-01
1.293103448275862206e+02,-1.293103448275862206e+02,-6.648182468842979143e-01
1.396551724137931387e+02,-1.293103448275862206e+02,-6.558712163438108478e-01
1.500000000000000000e+02,-1.293103448275862206e+02,-6.398393172411416252e-01
-1.500000000000000000e+02,-1.189655172413793025e+02,-6.539010599030473658e-01
-1.396551724137931103e+02,-1.189655172413793025e+02,-6.644057217536397664e-01
-1.293103448275862206e+02,-1.189655172413793025e+02,-6.648852938040761273e-01
-1.189655172413793025e+02,-1.189655172413793025e+02,-6.524968405977686903e-01
-1.086206896551724128e+02,-1.189655172413793025e+02,-6.247286568011999330e-01
-9.827586206896552312e+01,-1.189655172413793025e+02,-5.786948487950034359e-01
-8.793103448275861922e+01,-1.189655172413793025e+02,-5.130748740594465174e-01
-7.758620689655171532e+01,-1.189655172413793025e+02,-4.276770344373750921e-01
-6.724137931034482563e+01,-1.189655172413793025e+02,-3.232655747538024094e-01
-5.689655172413793593e+01,-1.189655172413793025e+02,-2.053924406899891031e-01
-4.655172413793103203e+01,-1.189655172413793025e+02,-7.986301715386594224e-02
-3.620689655172412813e+01,-1.189655172413793025e+02,4.175244011192741356e-02
-2.586206896551723844e+01,-1.189655172413793025e+02,1.487066371591410918e-01
-1.551724137931034875e+01,-1.189655172413793025e+02,2.287378304529047723e-01
-5.172413793103430635e+00,-1.189655172413793025e+02,2.713897018364066493e-01
5.172413793103459057e+00,-1.189655172413793025e+02,2.713897018364065383e-01
1.551724137931034875e+01,-1.189655172413793025e+02,2.287378304529048001e-01
2.586206896551723844e+01,-1.189655172413793025e+02,1.490016019004195558e-01
3.620689655172412813e+01,-1.189655172413793025e+02,4.175244011192741356e-02
4.655172413793104624e+01,-1.189655172413793025e+02,-8.025440922275868527e-02
5.689655172413793593e+01,-1.189655172413793025e+02,-2.050081673962790563e-01
6.724137931034482563e+01,-1.189655172413793025e+02,-3.236146187365795956e-01
7.758620689655174374e+01,-1.189655172413793025e+02,-4.273806885395353694e-01
8.793103448275863343e+01,-1.189655172413793025e+02,-5.130748740594466284e-01
9.827586206896552312e+01,-1.189655172413793025e+02,-5.788739043319095501e-01
1.086206896551724412e+02,-1.189655172413793025e+02,-6.247286568012000441e-01
1.189655172413793025e+02,-1.189655172413793025e+02,-6.525849002520460740e-01
1.293103448275862206e+02,-1.189655172413793025e+02,-6.648468689203343995e-01
1.396551724137931387e+02,-1.189655172413793025e+02,-6.644177722513007200e-01
1.500000000000000000e+02,-1.189655172413793025e+02,-6.539010599030474769e-01
-1.500000000000000000e+02,-1.086206896551724128e+02,-6.628600243567939199e-01
-1.396551724137931103e+02,-1.086206896551724128e+02,-6.655737490940349943e-01
-1.293103448275862206e+02,-1.086206896551724128e+02,-6.541402389342118040e-01
-1.189655172413793025e+02,-1.086206896551724128e+02,-6.247286568011999330e-01
-1.086206896551724128e+02,-1.086206896551724128e+02,-5.727092917075955469e-01
-9.827586206896552312e+01,-1.086206896551724128e+02,-4.948002927185888855e-01
-8.793103448275861922e+01,-1.086206896551724128e+02,-3.871330532456891405e-01
-7.758620689655171532e+01,-1.086206896551724128e+02,-2.480044331112430112e-01
-6.724137931034482563e+01,-1.086206896551724128e+02,-8.073254654976383393e-02
-5.689655172413793593e+01,-1.086206896551724128e+02,1.114806961682170833e-01
-4.655172413793103203e+01,-1.086206896551724128e+02,3.149941666625536985e-01
-3.620689655172412813e+01,-1.086206896551724128e+02,5.168020700131156220e-01
-2.586206896551723844e+01,-1.086206896551724128e+02,6.940973759126845000e-01
-1.551724137931034875e+01,-1.086206896551724128e+02,8.284353276168927582e-01
-5.172413793103430635e+00,-1.086206896551724128e+02,9.003664356401130942e-01
5.172413793103459057e+00,-1.086206896551724128e+02,9.003664356401128721e-01
1.551724137931034875e+01,-1.086206896551724128e+02,8.280614768212266608e-01
2.586206896551723844e+01,-1.086206896551724128e+02,6.940973759126843889e-01
3.620689655172412813e+01,-1.086206896551724128e+02,5.168020700131156220e-01
4.655172413793104624e+01,-1.086206896551724128e+02,3.149941666625533654e-01
5.689655172413793593e+01,-1.086206896551724128e+02,1.114806961682170555e-01
6.724137931034482563e+01,-1.086206896551724128e+02,-8.073254654976383393e-02
7.758620689655174374e+01,-1.086206896551724128e+02,-2.485888071559997081e-01
8.793103448275863343e+01,-1.086206896551724128e+02,-3.871330532456895290e-01
9.827586206896552312e+01,-1.086206896551724128e+02,-4.944487080354581510e-01
1.086206896551724412e+02,-1.086206896551724128e+02,-5.727092917075958800e-01
1.189655172413793025e+02,-1.086206896551724128e+02,-6.246000439949211946e-01
1.293103448275862206e+02,-1.086206896551724128e+02,-6.541960781326532359e-01
1.396551724137931387e+02,-1.086206896551724128e+02,-6.655563305363508819e-01
1.500000000000000000e+02,-1.086206896551724128e+02,-6.628600243567939199e-01
-1.500000000000000000e+02,-9.827586206896552312e+01,-6.660536866896707986e-01
-1.396551724137931103e+02,-9.827586206896552312e+01,-6.583335673187175052e-01
-1.293103448275862206e+02,-9.827586206896552312e+01,-6.312462268552373468e-01
-1.189655172413793025e+02,-9.827586206896552312e+01,-5.788739043319097721e-01
-1.086206896551724128e+02,-9.827586206896552312e+01,-4.948002927185888855e-01
-9.827586206896552312e+01,-9.827586206896552312e+01,-3.718699445799300007e-01
-8.793103448275861922e+01,-9.827586206896552312e+01,-2.060028254554361615e-01
-7.758620689655171532e+01,-9.827586206896552312e+01,9.213453313845593531e-03
-6.724137931034482563e+01,-9.827586206896552312e+01,2.696502510767070926e-01
-5.689655172413793593e+01,-9.827586206896552312e+01,5.715634254953870785e-01
-4.655172413793103203e+01,-9.827586206896552312e+01,8.998724712235343093e-01
-3.620689655172412813e+01,-9.827586206896552312e+01,1.225596782214377622e+00
-2.586206896551723844e+01,-9.827586206896552312e+01,1.520370229626678782e+00
-1.551724137931034875e+01,-9.827586206896552312e+01,1.743217480850257850e+00
-5.172413793103430635e+00,-9.827586206896552312e+01,1.864971920925796223e+00
5.172413793103459057e+00,-9.827586206896552312e+01,1.864757304218528589e+00
1.551724137931034875e+01,-9.827586206896552312e+01,1.743839386287006299e+00
2.586206896551723844e+01,-9.827586206896552312e+01,1.520370229626678782e+00
3.620689655172412813e+01,-9.827586206896552312e+01,1.226801878406922564e+00
4.655172413793104624e+01,-9.827586206896552312e+01,8.998724712235338652e-01
5.689655172413793593e+01,-9.827586206896552312e+01,5.715634254953871896e-01
6.724137931034482563e+01,-9.827586206896552312e+01,2.708524580336889587e-01
7.758620689655174374e+01,-9.827586206896552312e+01,8.189433600249922118e-03
8.793103448275863343e+01,-9.827586206896552312e+01,-2.051850879829589802e-01
9.827586206896552312e+01,-9.827586206896552312e+01,-3.718699445799299452e-01
1.086206896551724412e+02,-9.827586206896552312e+01,-4.948002927185892741e-01
1.189655172413793025e+02,-9.827586206896552312e+01,-5.788739043319097721e-01
1.293103448275862206e+02,-9.827586206896552312e+01,-6.311688351886219905e-01
1.396551724137931387e+02,-9.827586206896552312e+01,-6.583335673187175052e-01
1.500000000000000000e+02,-9.827586206896552312e+01,-6.660536866896707986e-01
-1.500000000000000000e+02,-8.793103448275861922e+01,-6.631156623232935532e-01
-1.396551724137931103e+02,-8.793103448275861922e+01,-6.421828386329508920e-01
-1.293103448275862206e+02,-8.793103448275861922e+01,-5.949905365627546905e-01
-1.189655172413793025e+02,-8.793103448275861922e+01,-5.133116945675630927e-01
-1.086206896551724128e+02,-8.793103448275861922e+01,-3.866667577423646418e-01
-9.827586206896552312e+01,-8.793103448275861922e+01,-2.060028254554362448e-01
-8.793103448275861922e+01,-8.793103448275861922e+01,4.170009426872186425e-02
-7.758620689655171532e+01,-8.793103448275861922e+01,3.605292624746541108e-01
-6.724137931034482563e+01,-8.793103448275861922e+01,7.572452836559006029e-01
-5.689655172413793593e+01,-8.793103448275861922e+01,1.226220837808271957e+00
-4.655172413793103203e+01,-8.793103448275861922e+01,1.740859264651437588e+00
-3.620689655172412813e+01,-8.793103448275861922e+01,2.270811623345723174e+00
-2.586206896551723844e+01,-8.793103448275861922e+01,2.754586094806831920e+00
-1.551724137931034875e+01,-8.793103448275861922e+01,3.128990541354264909e+00
-5.172413793103430635e+00,-8.793103448275861922e+01,3.333891310504881300e+00
5.172413793103459057e+00,-8.793103448275861922e+01,3.334185507587045016e+00
1.551724137931034875e+01,-8.793103448275861922e+01,3.128123679398779000e+00
2.586206896551723844e+01,-8.793103448275861922e+01,2.754586094806831476e+00
3.620689655172412813e+01,-8.793103448275861922e+01,2.269032430051562077e+00
4.655172413793104624e+01,-8.793103448275861922e+01,1.740859264651436478e+00
5.689655172413793593e+01,-8.793103448275861922e+01,1.226220837808271957e+00
6.724137931034482563e+01,-8.793103448275861922e+01,7.572452836559004918e-01
7.758620689655174374e+01,-8.793103448275861922e+01,3.605292624746531116e-01
8.793103448275863343e+01,-8.793103448275861922e+01,4.039843193115816994e-02
9.827586206896552312e+01,-8.793103448275861922e+01,-2.051850879829587859e-01
1.086206896551724412e+02,-8.793103448275861922e+01,-3.871330532456898066e-01
1.189655172413793025e+02,-8.793103448275861922e+01,-5.130748740594467394e-01
1.293103448275862206e+02,-8.793103448275861922e+01,-5.950925091693965996e-01
1.396551724137931387e+02,-8.793103448275861922e+01,-6.422143519768537256e-01
1.500000000000000000e+02,-8.793103448275861922e+01,-6.631156623232936642e-01
-1.500000000000000000e+02,-7.758620689655171532e+01,-6.541090291942274204e-01
-1.396551724137931103e+02,-7.758620689655171532e+01,-6.172381080706945689e-01
-1.293103448275862206e+02,-7.758620689655171532e+01,-5.457445341486233392e-01
-1.189655172413793025e+02,-7.758620689655171532e+01,-4.273806885395354804e-01
-1.086206896551724128e+02,-7.758620689655171532e+01,-2.485888071559994583e-01
-9.827586206896552312e+01,-7.758620689655171532e+01,8.189433600250489373e-03
-8.793103448275861922e+01,-7.758620689655171532e+01,3.621522333122431103e-01
-7.758620689655171532e+01,-7.758620689655171532e+01,8.251552652296331170e-01
-6.724137931034482563e+01,-7.758620689655171532e+01,1.416255122272115363e+00
-5.689655172413793593e+01,-7.758620689655171532e+01,2.123821026514905785e+00
-4.655172413793103203e+01,-7.758620689655171532e+01,2.934291134950112401e+00
-3.620689655172412813e+01,-7.758620689655171532e+01,3.780916720527843555e+00
-2.586206896551723844e+01,-7.758620689655171532e+01,4.579870736181870683e+00
-1.551724137931034875e+01,-7.758620689655171532e+01,5.212676854477985344e+00
-5.172413793103430635e+00,-7.758620689655171532e+01,5.563390571307075483e+00
5.172413793103459057e+00,-7.758620689655171532e+01,5.563390571307073706e+00
1.551724137931034875e+01,-7.758620689655171532e+01,5.212676854477985344e+00
2.586206896551723844e+01,-7.758620689655171532e+01,4.581422939128819039e+00
3.620689655172412813e+01,-7.758620689655171532e+01,3.780916720527843555e+00
4.655172413793104624e+01,-7.758620689655171532e+01,2.931666667063723253e+00
5.689655172413793593e+01,-7.758620689655171532e+01,2.123821026514905785e+00
6.724137931034482563e+01,-7.758620689655171532e+01,1.416255122272115363e+00
7.758620689655174374e+01,-7.758620689655171532e+01,8.274931791343634879e-01
8.793103448275863343e+01,-7.758620689655171532e+01,3.621522333122424442e-01
9.827586206896552312e+01,-7.758620689655171532e+01,8.189433600250477230e-03
1.086206896551724412e+02,-7.758620689655171532e+01,-2.480044331112437883e-01
1.189655172413793025e+02,-7.758620689655171532e+01,-4.276770344373753696e-01
1.293103448275862206e+02,-7.758620689655171532e+01,-5.456173018681520492e-01
1.396551724137931387e+02,-7.758620689655171532e+01,-6.172381080706947909e-01
1.500000000000000000e+02,-7.758620689655171532e+01,-6.541090291942274204e-01
-1.500000000000000000e+02,-6.724137931034482563e+01,-6.396425252822348639e-01
-1.396551724137931103e+02,-6.724137931034482563e+01,-5.843818748312163969e-01
-1.293103448275862206e+02,-6.724137931034482563e+01,-4.843918491765538126e-01
-1.189655172413793025e+02,-6.724137931034482563e+01,-3.236146187365799842e-01
-1.086206896551724128e+02,-6.724137931034482563e+01,-8.073254654976393108e-02
-9.827586206896552312e+01,-6.724137931034482563e+01,2.708524580336889032e-01
-8.793103448275861922e+01,-6.724137931034482563e+01,7.572452836559006029e-01
-7.758620689655171532e+01,-6.724137931034482563e+01,1.416255122272115363e+00
-6.724137931034482563e+01,-6.724137931034482563e+01,2.266177946599023940e+00
-5.689655172413793593e+01,-6.724137931034482563e+01,3.330853130600614609e+00
-4.655172413793103203e+01,-6.724137931034482563e+01,4.575673044807721190e+00
-3.620689655172412813e+01,-6.724137931034482563e+01,5.935078375113566729e+00
-2.586206896551723844e+01,-6.724137931034482563e+01,7.251795280278909850e+00
-1.551724137931034875e+01,-6.724137931034482563e+01,8.322616122094741442e+00
-5.172413793103430635e+00,-6.724137931034482563e+01,8.928815035233423458e+00
5.172413793103459057e+00,-6.724137931034482563e+01,8.928815035233421682e+00
1.551724137931034875e+01,-6.724137931034482563e+01,8.322826228090191236e+00
2.586206896551723844e+01,-6.724137931034482563e+01,7.251795280278909850e+00
3.620689655172412813e+01,-6.724137931034482563e+01,5.935078375113567617e+00
4.655172413793104624e+01,-6.724137931034482563e+01,4.575673044807719414e+00
5.689655172413793593e+01,-6.724137931034482563e+01,3.330853130600614609e+00
6.724137931034482563e+01,-6.724137931034482563e+01,2.266177946599024384e+00
7.758620689655174374e+01,-6.724137931034482563e+01,1.413583287061357607e+00
8.793103448275863343e+01,-6.724137931034482563e+01,7.572452836558998257e-01
9.827586206896552312e+01,-6.724137931034482563e+01,2.708524580336888476e-01
1.086206896551724412e+02,-6.724137931034482563e+01,-8.004425383875762856e-02
1.189655172413793025e+02,-6.724137931034482563e+01,-3.236146187365799842e-01
1.293103448275862206e+02,-6.724137931034482563e+01,-4.845414188219818730e-01
1.396551724137931387e+02,-6.724137931034482563e+01,-5.843359660925631083e-01
1.500000000000000000e+02,-6.724137931034482563e+01,-6.396425252822349750e-01
-1.500000000000000000e+02,-5.689655172413793593e+01,-6.209374877656383962e-01
-1.396551724137931103e+02,-5.689655172413793593e+01,-5.455510340309516204e-01
-1.293103448275862206e+02,-5.689655172413793593e+01,-4.144530915566780327e-01
-1.189655172413793025e+02,-5.689655172413793593e+01,-2.050081673962793616e-01
-1.086206896551724128e+02,-5.689655172413793593e+01,1.114806961682169306e-01
-9.827586206896552312e+01,-5.689655172413793593e+01,5.715634254953868565e-01
-8.793103448275861922e+01,-5.689655172413793593e+01,1.224186929331371188e+00
-7.758620689655171532e+01,-5.689655172413793593e+01,2.126612294610390919e+00
-6.724137931034482563e+01,-5.689655172413793593e+01,3.327544949343308467e+00
-5.689655172413793593e+01,-5.689655172413793593e+01,4.881299978560607045e+00
-4.655172413793103203e+01,-5.689655172413793593e+01,6.774836312233089686e+00
-3.620689655172412813e+01,-5.689655172413793593e+01,8.917060284548542270e+00
-2.586206896551723844e+01,-5.689655172413793593e+01,1.107801445361689296e+01
-1.551724137931034875e+01,-5.689655172413793593e+01,1.289042992725859271e+01
-5.172413793103430635e+00,-5.689655172413793593e+01,1.394062257828155182e+01
5.172413793103459057e+00,-5.689655172413793593e+01,1.394062257828155182e+01
1.551724137931034875e+01,-5.689655172413793593e+01,1.289042992725859271e+01
2.586206896551723844e+01,-5.689655172413793593e+01,1.107960028451035939e+01
3.620689655172412813e+01,-5.689655172413793593e+01,8.917060284548542270e+00
4.655172413793104624e+01,-5.689655172413793593e+01,6.774836312233087021e+00
5.689655172413793593e+01,-5.689655172413793593e+01,4.878118945231030956e+00
6.724137931034482563e+01,-5.689655172413793593e+01,3.330853130600614609e+00
7.758620689655174374e+01,-5.689655172413793593e+01,2.126612294610387810e+00
8.793103448275863343e+01,-5.689655172413793593e+01,1.224186929331370077e+00
9.827586206896552312e+01,-5.689655172413793593e+01,5.715634254953870785e-01
1.086206896551724412e+02,-5.689655172413793593e+01,1.107241547157364892e-01
1.189655172413793025e+02,-5.689655172413793593e+01,-2.050081673962793616e-01
1.293103448275862206e+02,-5.689655172413793593e+01,-4.144530915566779772e-01
1.396551724137931387e+02,-5.689655172413793593e+01,-5.455510340309520645e-01
1.500000000000000000e+02,-5.689655172413793593e+01,-6.209374877656383962e-01
-1.500000000000000000e+02,-4.655172413793103203e+01,-5.998103524120664831e-01
-1.396551724137931103e+02,-4.655172413793103203e+01,-5.038674135771094020e-01
-1.293103448275862206e+02,-4.655172413793103203e+01,-3.400194740079721112e-01
-1.189655172413793025e+02,-4.655172413793103203e+01,-8.025440922275897671e-02
-1.086206896551724128e+02,-4.655172413793103203e+01,3.157623073468722175e-01
-9.827586206896552312e+01,-4.655172413793103203e+01,8.998724712235340872e-01
-8.793103448275861922e+01,-4.655172413793103203e+01,1.742863604958129864e+00
-7.758620689655171532e+01,-4.655172413793103203e+01,2.931666667063724141e+00
-6.724137931034482563e+01,-4.655172413793103203e+01,4.578447785445348472e+00
-5.689655172413793593e+01,-4.655172413793103203e+01,6.772983828124850447e+00
-4.655172413793103203e+01,-4.655172413793103203e+01,9.570379441814326427e+00
-3.620689655172412813e+01,-4.655172413793103203e+01,1.287805409549453906e+01
-2.586206896551723844e+01,-4.655172413793103203e+01,1.635054400679263509e+01
-1.551724137931034875e+01,-4.655172413793103203e+01,1.938192638645504218e+01
-5.172413793103430635e+00,-4.655172413793103203e+01,2.117162132838499033e+01
5.172413793103459057e+00,-4.655172413793103203e+01,2.117444255698361033e+01
1.551724137931034875e+01,-4.655172413793103203e+01,1.938192638645504218e+01
2.586206896551723844e+01,-4.655172413793103203e+01,1.635054400679263154e+01
3.620689655172412813e+01,-4.655172413793103203e+01,1.287805409549454261e+01
4.655172413793104624e+01,-4.655172413793103203e+01,9.570379441814324650e+00
5.689655172413793593e+01,-4.655172413793103203e+01,6.772983828124850447e+00
6.724137931034482563e+01,-4.655172413793103203e+01,4.578447785445347584e+00
7.758620689655174374e+01,-4.655172413793103203e+01,2.934291134950108404e+00
8.793103448275863343e+01,-4.655172413793103203e+01,1.740859264651436700e+00
9.827586206896552312e+01,-4.655172413793103203e+01,8.985509142419485507e-01
1.086206896551724412e+02,-4.655172413793103203e+01,3.149941666625518666e-01
1.189655172413793025e+02,-4.655172413793103203e+01,-8.025440922275897671e-02
1.293103448275862206e+02,-4.655172413793103203e+01,-3.400194740079720557e-01
1.396551724137931387e+02,-4.655172413793103203e+01,-5.038674135771098461e-01
1.500000000000000000e+02,-4.655172413793103203e+01,-5.998103524120664831e-01
-1.500000000000000000e+02,-3.620689655172412813e+01,-5.785426568996200336e-01
-1.396551724137931103e+02,-3.620689655172412813e+01,-4.629852886791401834e-01
-1.293103448275862206e+02,-3.620689655172412813e+01,-2.678169338291140900e-01
-1.189655172413793025e+02,-3.620689655172412813e+01,4.211493171865198643e-02
-1.086206896551724128e+02,-3.620689655172412813e+01,5.160936788273424725e-01
-9.827586206896552312e+01,-3.620689655172412813e+01,1.226801878406922341e+00
-8.793103448275861922e+01,-3.620689655172412813e+01,2.270811623345724062e+00
-7.758620689655171532e+01,-3.620689655172412813e+01,3.783094851407221348e+00
-6.724137931034482563e+01,-3.620689655172412813e+01,5.933213163332717421e+00
-5.689655172413793593e+01,-3.620689655172412813e+01,8.917060284548542270e+00
-4.655172413793103203e+01,-3.620689655172412813e+01,1.287387096173032575e+01
-3.620689655172412813e+01,-3.620689655172412813e+01,1.776300321580598407e+01
-2.586206896551723844e+01,-3.620689655172412813e+01,2.315560843243212474e+01
-1.551724137931034875e+01,-3.620689655172412813e+01,2.800335808128205173e+01
-5.172413793103430635e+00,-3.620689655172412813e+01,3.097656859372446192e+01
5.172413793103459057e+00,-3.620689655172412813e+01,3.097656859372446192e+01
1.551724137931034875e+01,-3.620689655172412813e+01,2.801739609180900104e+01
2.586206896551723844e+01,-3.620689655172412813e+01,2.315560843243212830e+01
3.620689655172412813e+01,-3.620689655172412813e+01,1.776300321580598052e+01
4.655172413793104624e+01,-3.620689655172412813e+01,1.287805409549453373e+01
5.689655172413793593e+01,-3.620689655172412813e+01,8.917069750510435711e+00
6.724137931034482563e+01,-3.620689655172412813e+01,5.933213163332716533e+00
7.758620689655174374e+01,-3.620689655172412813e+01,3.780916720527837782e+00
8.793103448275863343e+01,-3.620689655172412813e+01,2.270811623345721841e+00
9.827586206896552312e+01,-3.620689655172412813e+01,1.225596782214377400e+00
1.086206896551724412e+02,-3.620689655172412813e+01,5.168020700131134015e-01
1.189655172413793025e+02,-3.620689655172412813e+01,4.175244011192699722e-02
1.293103448275862206e+02,-3.620689655172412813e+01,-2.678169338291140900e-01
1.396551724137931387e+02,-3.620689655172412813e+01,-4.629852886791406275e-01
1.500000000000000000e+02,-3.620689655172412813e+01,-5.785426568996201446e-01
-1.500000000000000000e+02,-2.586206896551723844e+01,-5.596310832633094590e-01
-1.396551724137931103e+02,-2.586206896551723844e+01,-4.271547622995524041e-01
-1.293103448275862206e+02,-2.586206896551723844e+01,-2.049330120568677582e-01
-1.189655172413793025e+02,-2.586206896551723844e+01,1.490016019004191394e-01
-1.086206896551724128e+02,-2.586206896551723844e+01,6.946711362417004043e-01
-9.827586206896552312e+01,-2.586206896551723844e+01,1.519405825262771126e+00
-8.793103448275861922e+01,-2.586206896551723844e+01,2.753204514010955339e+00
-7.758620689655171532e+01,-2.586206896551723844e+01,4.579870736181869795e+00
-6.724137931034482563e+01,-2.586206896551723844e+01,7.251795280278909850e+00
-5.689655172413793593e+01,-2.586206896551723844e+01,1.107801445361689119e+01
-4.655172413793103203e+01,-2.586206896551723844e+01,1.635743609150494038e+01
-3.620689655172412813e+01,-2.586206896551723844e+01,2.315560843243212830e+01
-2.586206896551723844e+01,-2.586206896551723844e+01,3.092385025837453938e+01
-1.551724137931034875e+01,-2.586206896551723844e+01,3.824083799129750361e+01
-5.172413793103430635e+00,-2.586206896551723844e+01,4.278317343986524435e+01
5.172413793103459057e+00,-2.586206896551723844e+01,4.278317343986525145e+01
1.551724137931034875e+01,-2.586206896551723844e+01,3.824083799129750361e+01
2.586206896551723844e+01,-2.586206896551723844e+01,3.092385025837453583e+01
3.620689655172412813e+01,-2.586206896551723844e+01,2.314063917945877691e+01
4.655172413793104624e+01,-2.586206896551723844e+01,1.635743609150493683e+01
5.689655172413793593e+01,-2.586206896551723844e+01,1.107801445361689296e+01
6.724137931034482563e+01,-2.586206896551723844e+01,7.251795280278909850e+00
7.758620689655174374e+01,-2.586206896551723844e+01,4.579870736181863577e+00
8.793103448275863343e+01,-2.586206896551723844e+01,2.753204514010952675e+00
9.827586206896552312e+01,-2.586206896551723844e+01,1.520370229626678560e+00
1.086206896551724412e+02,-2.586206896551723844e+01,6.940973759126830567e-01
1.189655172413793025e+02,-2.586206896551723844e+01,1.487066371591405367e-01
1.293103448275862206e+02,-2.586206896551723844e+01,-2.049330120568677582e-01
1.396551724137931387e+02,-2.586206896551723844e+01,-4.271547622995529037e-01
1.500000000000000000e+02,-2.586206896551723844e+01,-5.596310832633094590e-01
-1.500000000000000000e+02,-1.551724137931034875e+01,-5.454426741230169462e-01
-1.396551724137931103e+02,-1.551724137931034875e+01,-4.005449075392120140e-01
-1.293103448275862206e+02,-1.551724137931034875e+01,-1.579899024311369193e-01
-1.189655172413793025e+02,-1.551724137931034875e+01,2.285448692664221737e-01
-1.086206896551724128e+02,-1.551724137931034875e+01,8.280614768212264387e-01
-9.827586206896552312e+01,-1.551724137931034875e+01,1.743839386287006077e+00
-8.793103448275861922e+01,-1.551724137931034875e+01,3.128990541354264909e+00
-7.758620689655171532e+01,-1.551724137931034875e+01,5.211786466852909250e+00
-6.724137931034482563e+01,-1.551724137931034875e+01,8.322826228090191236e+00
-5.689655172413793593e+01,-1.551724137931034875e+01,1.289243090517298818e+01
-4.655172413793103203e+01,-1.551724137931034875e+01,1.938192638645504218e+01
-3.620689655172412813e+01,-1.551724137931034875e+01,2.801739609180899748e+01
-2.586206896551723844e+01,-1.551724137931034875e+01,3.821956716741571825e+01
-1.551724137931034875e+01,-1.551724137931034875e+01,4.808262163125025523e+01
-5.172413793103430635e+00,-1.551724137931034875e+01,5.433352480224647252e+01
5.172413793103459057e+00,-1.551724137931034875e+01,5.432431605737473035e+01
1.551724137931034875e+01,-1.551724137931034875e+01,4.808262163125024102e+01
2.586206896551723844e+01,-1.551724137931034875e+01,3.821956716741572535e+01
3.620689655172412813e+01,-1.551724137931034875e+01,2.800335808128205173e+01
4.655172413793104624e+01,-1.551724137931034875e+01,1.938192638645502797e+01
5.689655172413793593e+01,-1.551724137931034875e+01,1.289243090517298995e+01
6.724137931034482563e+01,-1.551724137931034875e+01,8.322826228090191236e+00
7.758620689655174374e+01,-1.551724137931034875e+01,5.211786466852901256e+00
8.793103448275863343e+01,-1.551724137931034875e+01,3.128990541354262689e+00
9.827586206896552312e+01,-1.551724137931034875e+01,1.743217480850257406e+00
1.086206896551724412e+02,-1.551724137931034875e+01,8.284353276168900937e-01
1.189655172413793025e+02,-1.551724137931034875e+01,2.285448692664220627e-01
1.293103448275862206e+02,-1.551724137931034875e+01,-1.580728000006412504e-01
1.396551724137931387e+02,-1.551724137931034875e+01,-4.005449075392125136e-01
1.500000000000000000e+02,-1.551724137931034875e+01,-5.454426741230170572e-01
-1.500000000000000000e+02,-5.172413793103430635e+00,-5.378363253730648053e-01
-1.396551724137931103e+02,-5.172413793103430635e+00,-3.863463224851205746e-01
-1.293103448275862206e+02,-5.172413793103430635e+00,-1.330148395794612803e-01
-1.189655172413793025e+02,-5.172413793103430635e+00,2.713225505960960571e-01
-1.086206896551724128e+02,-5.172413793103430635e+00,9.003664356401126501e-01
-9.827586206896552312e+01,-5.172413793103430635e+00,1.864757304218528589e+00
-8.793103448275861922e+01,-5.172413793103430635e+00,3.333891310504880856e+00
-7.758620689655171532e+01,-5.172413793103430635e+00,5.563674815240568172e+00
-6.724137931034482563e+01,-5.172413793103430635e+00,8.928818960270625382e+00
-5.689655172413793593e+01,-5.172413793103430635e+00,1.394062257828155360e+01
-4.655172413793103203e+01,-5.172413793103430635e+00,2.117444255698361388e+01
-3.620689655172412813e+01,-5.172413793103430635e+00,3.097071471882739147e+01
-2.586206896551723844e+01,-5.172413793103430635e+00,4.279208914446511614e+01
-1.551724137931034875e+01,-5.172413793103430635e+00,5.432431605737474456e+01
-5.172413793103430635e+00,-5.172413793103430635e+00,6.172560079256791710e+01
5.172413793103459057e+00,-5.172413793103430635e+00,6.172560079256791710e+01
1.551724137931034875e+01,-5.172413793103430635e+00,5.432431605737473035e+01
2.586206896551723844e+01,-5.172413793103430635e+00,4.279208914446510192e+01
3.620689655172412813e+01,-5.172413793103430635e+00,3.097656859372446903e+01
4.655172413793104624e+01,-5.172413793103430635e+00,2.117162132838497968e+01
5.689655172413793593e+01,-5.172413793103430635e+00,1.394062257828155182e+01
6.724137931034482563e+01,-5.172413793103430635e+00,8.928818960270625382e+00
7.758620689655174374e+01,-5.172413793103430635e+00,5.563674815240561067e+00
8.793103448275863343e+01,-5.172413793103430635e+00,3.333891310504879080e+00
9.827586206896552312e+01,-5.172413793103430635e+00,1.864757304218528589e+00
1.086206896551724412e+02,-5.172413793103430635e+00,9.002366353043734781e-01
1.189655172413793025e+02,-5.172413793103430635e+00,2.713897018364060387e-01
1.293103448275862206e+02,-5.172413793103430635e+00,-1.330148395794612526e-01
1.396551724137931387e+02,-5.172413793103430635e+00,-3.863551382127346501e-01
1.500000000000000000e+02,-5.172413793103430635e+00,-5.378363253730648053e-01
-1.500000000000000000e+02,5.172413793103459057e+00,-5.378363253730649163e-01
-1.396551724137931103e+02,5.172413793103459057e+00,-3.863463224851204636e-01
-1.293103448275862206e+02,5.172413793103459057e+00,-1.330437094939752318e-01
-1.189655172413793025e+02,5.172413793103459057e+00,2.713225505960959461e-01
-1.086206896551724128e+02,5.172413793103459057e+00,9.003664356401126501e-01
-9.827586206896552312e+01,5.172413793103459057e+00,1.864757304218528144e+00
-8.793103448275861922e+01,5.172413793103459057e+00,3.333891310504881300e+00
-7.758620689655171532e+01,5.172413793103459057e+00,5.563674815240568172e+00
-6.724137931034482563e+01,5.172413793103459057e+00,8.928818960270623606e+00
-5.689655172413793593e+01,5.172413793103459057e+00,1.393971990185783483e+01
-4.655172413793103203e+01,5.172413793103459057e+00,2.117162132838498323e+01
-3.620689655172412813e+01,5.172413793103459057e+00,3.097656859372445837e+01
-2.586206896551723844e+01,5.172413793103459057e+00,4.279208914446510903e+01
-1.551724137931034875e+01,5.172413793103459057e+00,5.432431605737473035e+01
-5.172413793103430635e+00,5.172413793103459057e+00,6.172979544022427234e+01
5.172413793103459057e+00,5.172413793103459057e+00,6.172979544022425813e+01
1.551724137931034875e+01,5.172413793103459057e+00,5.432431605737473035e+01
2.586206896551723844e+01,5.172413793103459057e+00,4.278317343986525856e+01
3.620689655172412813e+01,5.172413793103459057e+00,3.097656859372446192e+01
4.655172413793104624e+01,5.172413793103459057e+00,2.117444255698360323e+01
5.689655172413793593e+01,5.172413793103459057e+00,1.393971990185783305e+01
6.724137931034482563e+01,5.172413793103459057e+00,8.928818960270625382e+00
7.758620689655174374e+01,5.172413793103459057e+00,5.563674815240559290e+00
8.793103448275863343e+01,5.172413793103459057e+00,3.333891310504878192e+00
9.827586206896552312e+01,5.172413793103459057e+00,1.864971920925795335e+00
1.086206896551724412e+02,5.172413793103459057e+00,9.002366353043734781e-01
1.189655172413793025e+02,5.172413793103459057e+00,2.713897018364059277e-01
1.293103448275862206e+02,5.172413793103459057e+00,-1.330437094939752318e-01
1.396551724137931387e+02,5.172413793103459057e+00,-3.863463224851211297e-01
1.500000000000000000e+02,5.172413793103459057e+00,-5.378363253730650273e-01
-1.500000000000000000e+02,1.551724137931034875e+01,-5.454426741230170572e-01
-1.396551724137931103e+02,1.551724137931034875e+01,-4.005702210715348377e-01
-1.293103448275862206e+02,1.551724137931034875e+01,-1.579899024311369193e-01
-1.189655172413793025e+02,1.551724137931034875e+01,2.285448692664221182e-01
-1.086206896551724128e+02,1.551724137931034875e+01,8.280614768212264387e-01
-9.827586206896552312e+01,1.551724137931034875e+01,1.743217480850257406e+00
-8.793103448275861922e+01,1.551724137931034875e+01,3.128123679398778556e+00
-7.758620689655171532e+01,1.551724137931034875e+01,5.212676854477985344e+00
-6.724137931034482563e+01,1.551724137931034875e+01,8.322616122094739666e+00
-5.689655172413793593e+01,1.551724137931034875e+01,1.289243090517298818e+01
-4.655172413793103203e+01,1.551724137931034875e+01,1.938192638645504218e+01
-3.620689655172412813e+01,1.551724137931034875e+01,2.800335808128205173e+01
-2.586206896551723844e+01,1.551724137931034875e+01,3.821956716741573246e+01
-1.551724137931034875e+01,1.551724137931034875e+01,4.808262163125025523e+01
-5.172413793103430635e+00,1.551724137931034875e+01,5.432431605737474456e+01
5.172413793103459057e+00,1.551724137931034875e+01,5.432431605737471614e+01
1.551724137931034875e+01,1.551724137931034875e+01,4.808262163125025523e+01
2.586206896551723844e+01,1.551724137931034875e+01,3.824083799129749650e+01
3.620689655172412813e+01,1.551724137931034875e+01,2.800335808128205528e+01
4.655172413793104624e+01,1.551724137931034875e+01,1.937521622296340595e+01
5.689655172413793593e+01,1.551724137931034875e+01,1.289243090517298640e+01
6.724137931034482563e+01,1.551724137931034875e+01,8.322826228090191236e+00
7.758620689655174374e+01,1.551724137931034875e+01,5.211786466852901256e+00
8.793103448275863343e+01,1.551724137931034875e+01,3.128990541354262689e+00
9.827586206896552312e+01,1.551724137931034875e+01,1.743217480850257850e+00
1.086206896551724412e+02,1.551724137931034875e+01,8.284353276168900937e-01
1.189655172413793025e+02,1.551724137931034875e+01,2.285448692664220904e-01
1.293103448275862206e+02,1.551724137931034875e+01,-1.579899024311369471e-01
1.396551724137931387e+02,1.551724137931034875e+01,-4.005702210715354483e-01
1.500000000000000000e+02,1.551724137931034875e+01,-5.454426741230169462e-01
-1.500000000000000000e+02,2.586206896551723844e+01,-5.596310832633093479e-01
-1.396551724137931103e+02,2.586206896551723844e+01,-4.271547622995524041e-01
-1.293103448275862206e+02,2.586206896551723844e+01,-2.049330120568677582e-01
-1.189655172413793025e+02,2.586206896551723844e+01,1.490016019004191672e-01
-1.086206896551724128e+02,2.586206896551723844e+01,6.940973759126840559e-01
-9.827586206896552312e+01,2.586206896551723844e+01,1.520370229626678560e+00
-8.793103448275861922e+01,2.586206896551723844e+01,2.753204514010954895e+00
-7.758620689655171532e+01,2.586206896551723844e+01,4.579870736181869795e+00
-6.724137931034482563e+01,2.586206896551723844e+01,7.252680524523723804e+00
-5.689655172413793593e+01,2.586206896551723844e+01,1.107801445361689296e+01
-4.655172413793103203e+01,2.586206896551723844e+01,1.635743609150494038e+01
-3.620689655172412813e+01,2.586206896551723844e+01,2.315560843243212474e+01
-2.586206896551723844e+01,2.586206896551723844e+01,3.094650620223147897e+01
-1.551724137931034875e+01,2.586206896551723844e+01,3.821956716741571825e+01
-5.172413793103430635e+00,2.586206896551723844e+01,4.279208914446511614e+01
5.172413793103459057e+00,2.586206896551723844e+01,4.279208914446510192e+01
1.551724137931034875e+01,2.586206896551723844e+01,3.824083799129750361e+01
2.586206896551723844e+01,2.586206896551723844e+01,3.092385025837453583e+01
3.620689655172412813e+01,2.586206896551723844e+01,2.315560843243212830e+01
4.655172413793104624e+01,2.586206896551723844e+01,1.635743609150493683e+01
5.689655172413793593e+01,2.586206896551723844e+01,1.107801445361689296e+01
6.724137931034482563e+01,2.586206896551723844e+01,7.251795280278908962e+00
7.758620689655174374e+01,2.586206896551723844e+01,4.581422939128813709e+00
8.793103448275863343e+01,2.586206896551723844e+01,2.753204514010952675e+00
9.827586206896552312e+01,2.586206896551723844e+01,1.520370229626678338e+00
1.086206896551724412e+02,2.586206896551723844e+01,6.940973759126830567e-01
1.189655172413793025e+02,2.586206896551723844e+01,1.487066371591405090e-01
1.293103448275862206e+02,2.586206896551723844e+01,-2.048064464369500903e-01
1.396551724137931387e+02,2.586206896551723844e+01,-4.271934141897579806e-01
1.500000000000000000e+02,2.586206896551723844e+01,-5.596310832633094590e-01
-1.500000000000000000e+02,3.620689655172412813e+01,-5.785426568996200336e-01
-1.396551724137931103e+02,3.620689655172412813e+01,-4.629378296098774492e-01
-1.293103448275862206e+02,3.620689655172412813e+01,-2.679722781819003363e-01
-1.189655172413793025e+02,3.620689655172412813e+01,4.175244011192697641e-02
-1.086206896551724128e+02,3.620689655172412813e+01,5.168020700131151779e-01
-9.827586206896552312e+01,3.620689655172412813e+01,1.225596782214377400e+00
-8.793103448275861922e+01,3.620689655172412813e+01,2.270811623345724062e+00
-7.758620689655171532e+01,3.620689655172412813e+01,3.783094851407221348e+00
-6.724137931034482563e+01,3.620689655172412813e+01,5.935078375113567617e+00
-5.689655172413793593e+01,3.620689655172412813e+01,8.917060284548542270e+00
-4.655172413793103203e+01,3.620689655172412813e+01,1.287387096173032575e+01
-3.620689655172412813e+01,3.620689655172412813e+01,1.776300321580597696e+01
-2.586206896551723844e+01,3.620689655172412813e+01,2.315560843243212830e+01
-1.551724137931034875e+01,3.620689655172412813e+01,2.801739609180900104e+01
-5.172413793103430635e+00,3.620689655172412813e+01,3.097071471882739147e+01
5.172413793103459057e+00,3.620689655172412813e+01,3.097071471882738436e+01
1.551724137931034875e+01,3.620689655172412813e+01,2.800335808128205528e+01
2.586206896551723844e+01,3.620689655172412813e+01,2.315560843243212474e+01
3.620689655172412813e+01,3.620689655172412813e+01,1.777350236634520897e+01
4.655172413793104624e+01,3.620689655172412813e+01,1.287387096173031864e+01
5.689655172413793593e+01,3.620689655172412813e+01,8.917060284548542270e+00
6.724137931034482563e+01,3.620689655172412813e+01,5.935078375113567617e+00
7.758620689655174374e+01,3.620689655172412813e+01,3.780916720527837782e+00
8.793103448275863343e+01,3.620689655172412813e+01,2.270811623345722285e+00
9.827586206896552312e+01,3.620689655172412813e+01,1.225596782214377400e+00
1.086206896551724412e+02,3.620689655172412813e+01,5.168020700131134015e-01
1.189655172413793025e+02,3.620689655172412813e+01,4.211493171865198643e-02
1.293103448275862206e+02,3.620689655172412813e+01,-2.679722781819003363e-01
1.396551724137931387e+02,3.620689655172412813e+01,-4.629378296098778378e-01
1.500000000000000000e+02,3.620689655172412813e+01,-5.785426568996200336e-01
-1.500000000000000000e+02,4.655172413793104624e+01,-5.998103524120664831e-01
-1.396551724137931103e+02,4.655172413793104624e+01,-5.038674135771095131e-01
-1.293103448275862206e+02,4.655172413793104624e+01,-3.400194740079722222e-01
-1.189655172413793025e+02,4.655172413793104624e+01,-8.025440922275912936e-02
-1.086206896551724128e+02,4.655172413793104624e+01,3.149941666625530878e-01
-9.827586206896552312e+01,4.655172413793104624e+01,8.998724712235336431e-01
-8.793103448275861922e+01,4.655172413793104624e+01,1.740859264651436256e+00
-7.758620689655171532e+01,4.655172413793104624e+01,2.934291134950111513e+00
-6.724137931034482563e+01,4.655172413793104624e+01,4.578447785445345808e+00
-5.689655172413793593e+01,4.655172413793104624e+01,6.772983828124848671e+00
-4.655172413793103203e+01,4.655172413793104624e+01,9.570379441814322874e+00
-3.620689655172412813e+01,4.655172413793104624e+01,1.287805409549453373e+01
-2.586206896551723844e+01,4.655172413793104624e+01,1.635054400679262088e+01
-1.551724137931034875e+01,4.655172413793104624e+01,1.938192638645503152e+01
-5.172413793103430635e+00,4.655172413793104624e+01,2.117444255698359612e+01
5.172413793103459057e+00,4.655172413793104624e+01,2.117444255698359612e+01
1.551724137931034875e+01,4.655172413793104624e+01,1.938192638645503152e+01
2.586206896551723844e+01,4.655172413793104624e+01,1.635054400679262088e+01
3.620689655172412813e+01,4.655172413793104624e+01,1.287387096173031864e+01
4.655172413793104624e+01,4.655172413793104624e+01,9.570379441814319321e+00
5.689655172413793593e+01,4.655172413793104624e+01,6.774836312233087021e+00
6.724137931034482563e+01,4.655172413793104624e+01,4.575673044807719414e+00
7.758620689655174374e+01,4.655172413793104624e+01,2.931666667063719700e+00
8.793103448275863343e+01,4.655172413793104624e+01,1.740859264651435589e+00
9.827586206896552312e+01,4.655172413793104624e+01,8.998724712235336431e-01
1.086206896551724412e+02,4.655172413793104624e+01,3.149941666625515335e-01
1.189655172413793025e+02,4.655172413793104624e+01,-8.025440922275910161e-02
1.293103448275862206e+02,4.655172413793104624e+01,-3.400194740079722222e-01
1.396551724137931387e+02,4.655172413793104624e+01,-5.038161700340749727e-01
1.500000000000000000e+02,4.655172413793104624e+01,-5.998103524120665941e-01
-1.500000000000000000e+02,5.689655172413793593e+01,-6.209374877656385072e-01
-1.396551724137931103e+02,5.689655172413793593e+01,-5.456014173555127078e-01
-1.293103448275862206e+02,5.689655172413793593e+01,-4.144530915566779772e-01
-1.189655172413793025e+02,5.689655172413793593e+01,-2.050081673962793338e-01
-1.086206896551724128e+02,5.689655172413793593e+01,1.114806961682169029e-01
-9.827586206896552312e+01,5.689655172413793593e+01,5.715634254953869675e-01
-8.793103448275861922e+01,5.689655172413793593e+01,1.226220837808271957e+00
-7.758620689655171532e+01,5.689655172413793593e+01,2.126612294610390919e+00
-6.724137931034482563e+01,5.689655172413793593e+01,3.327544949343308023e+00
-5.689655172413793593e+01,5.689655172413793593e+01,4.878118945231030956e+00
-4.655172413793103203e+01,5.689655172413793593e+01,6.772983828124850447e+00
-3.620689655172412813e+01,5.689655172413793593e+01,8.917069750510435711e+00
-2.586206896551723844e+01,5.689655172413793593e+01,1.107960028451035939e+01
-1.551724137931034875e+01,5.689655172413793593e+01,1.289042992725859271e+01
-5.172413793103430635e+00,5.689655172413793593e+01,1.393971990185783483e+01
5.172413793103459057e+00,5.689655172413793593e+01,1.393971990185783483e+01
1.551724137931034875e+01,5.689655172413793593e+01,1.289243090517298818e+01
2.586206896551723844e+01,5.689655172413793593e+01,1.107801445361689296e+01
3.620689655172412813e+01,5.689655172413793593e+01,8.917060284548544047e+00
4.655172413793104624e+01,5.689655172413793593e+01,6.772983828124848671e+00
5.689655172413793593e+01,5.689655172413793593e+01,4.878118945231030956e+00
6.724137931034482563e+01,5.689655172413793593e+01,3.330853130600615053e+00
7.758620689655174374e+01,5.689655172413793593e+01,2.126612294610387366e+00
8.793103448275863343e+01,5.689655172413793593e+01,1.226220837808270625e+00
9.827586206896552312e+01,5.689655172413793593e+01,5.715634254953869675e-01
1.086206896551724412e+02,5.689655172413793593e+01,1.114806961682157233e-01
1.189655172413793025e+02,5.689655172413793593e+01,-2.050081673962793338e-01
1.293103448275862206e+02,5.689655172413793593e+01,-4.144530915566779772e-01
1.396551724137931387e+02,5.689655172413793593e+01,-5.456014173555130409e-01
1.500000000000000000e+02,5.689655172413793593e+01,-6.209374877656383962e-01
-1.500000000000000000e+02,6.724137931034482563e+01,-6.396425252822349750e-01
-1.396551724137931103e+02,6.724137931034482563e+01,-5.843359660925628862e-01
-1.293103448275862206e+02,6.724137931034482563e+01,-4.843918491765538681e-01
-1.189655172413793025e+02,6.724137931034482563e+01,-3.236146187365799287e-01
-1.086206896551724128e+02,6.724137931034482563e+01,-8.073254654976401434e-02
-9.827586206896552312e+01,6.724137931034482563e+01,2.708524580336887366e-01
-8.793103448275861922e+01,6.724137931034482563e+01,7.572452836559003808e-01
-7.758620689655171532e+01,6.724137931034482563e+01,1.413583287061358273e+00
-6.724137931034482563e+01,6.724137931034482563e+01,2.269550064145952728e+00
-5.689655172413793593e+01,6.724137931034482563e+01,3.330853130600614165e+00
-4.655172413793103203e+01,6.724137931034482563e+01,4.575673044807721190e+00
-3.620689655172412813e+01,6.724137931034482563e+01,5.933213163332716533e+00
-2.586206896551723844e+01,6.724137931034482563e+01,7.252680524523723804e+00
-1.551724137931034875e+01,6.724137931034482563e+01,8.322826228090191236e+00
-5.172413793103430635e+00,6.724137931034482563e+01,8.928815035233421682e+00
5.172413793103459057e+00,6.724137931034482563e+01,8.928815035233421682e+00
1.551724137931034875e+01,6.724137931034482563e+01,8.322826228090191236e+00
2.586206896551723844e+01,6.724137931034482563e+01,7.251795280278908962e+00
3.620689655172412813e+01,6.724137931034482563e+01,5.935078375113566729e+00
4.655172413793104624e+01,6.724137931034482563e+01,4.578447785445344920e+00
5.689655172413793593e+01,6.724137931034482563e+01,3.330853130600615053e+00
6.724137931034482563e+01,6.724137931034482563e+01,2.266177946599024384e+00
7.758620689655174374e+01,6.724137931034482563e+01,1.413583287061357385e+00
8.793103448275863343e+01,6.724137931034482563e+01,7.591340476823927874e-01
9.827586206896552312e+01,6.724137931034482563e+01,2.708524580336887366e-01
1.086206896551724412e+02,6.724137931034482563e+01,-8.073254654976483313e-02
1.189655172413793025e+02,6.724137931034482563e+01,-3.232655747538026314e-01
1.293103448275862206e+02,6.724137931034482563e+01,-4.843918491765538681e-01
1.396551724137931387e+02,6.724137931034482563e+01,-5.843359660925631083e-01
1.500000000000000000e+02,6.724137931034482563e+01,-6.396425252822348639e-01
-1.500000000000000000e+02,7.758620689655174374e+01,-6.541090291942274204e-01
-1.396551724137931103e+02,7.758620689655174374e+01,-6.171989365577745801e-01
-1.293103448275862206e+02,7.758620689655174374e+01,-5.457445341486235613e-01
-1.189655172413793025e+02,7.758620689655174374e+01,-4.273806885395358135e-01
-1.086206896551724128e+02,7.758620689655174374e+01,-2.485888071559998469e-01
-9.827586206896552312e+01,7.758620689655174374e+01,8.189433600249707013e-03
-8.793103448275861922e+01,7.758620689655174374e+01,3.621522333122420001e-01
-7.758620689655171532e+01,7.758620689655174374e+01,8.274931791343632659e-01
-6.724137931034482563e+01,7.758620689655174374e+01,1.416255122272113143e+00
-5.689655172413793593e+01,7.758620689655174374e+01,2.123821026514902677e+00
-4.655172413793103203e+01,7.758620689655174374e+01,2.934291134950107960e+00
-3.620689655172412813e+01,7.758620689655174374e+01,3.783094851407217352e+00
-2.586206896551723844e+01,7.758620689655174374e+01,4.579870736181863577e+00
-1.551724137931034875e+01,7.758620689655174374e+01,5.211786466852902144e+00
-5.172413793103430635e+00,7.758620689655174374e+01,5.563390571307067489e+00
5.172413793103459057e+00,7.758620689655174374e+01,5.563390571307066601e+00
1.551724137931034875e+01,7.758620689655174374e+01,5.211786466852901256e+00
2.586206896551723844e+01,7.758620689655174374e+01,4.581422939128812821e+00
3.620689655172412813e+01,7.758620689655174374e+01,3.780916720527837782e+00
4.655172413793104624e+01,7.758620689655174374e+01,2.934291134950107072e+00
5.689655172413793593e+01,7.758620689655174374e+01,2.123821026514902233e+00
6.724137931034482563e+01,7.758620689655174374e+01,1.416255122272113365e+00
7.758620689655174374e+01,7.758620689655174374e+01,8.251552652296305634e-01
8.793103448275863343e+01,7.758620689655174374e+01,3.621522333122413340e-01
9.827586206896552312e+01,7.758620689655174374e+01,8.189433600249720890e-03
1.086206896551724412e+02,7.758620689655174374e+01,-2.480044331112443157e-01
1.189655172413793025e+02,7.758620689655174374e+01,-4.273806885395358135e-01
1.293103448275862206e+02,7.758620689655174374e+01,-5.456173018681522713e-01
1.396551724137931387e+02,7.758620689655174374e+01,-6.171989365577746911e-01
1.500000000000000000e+02,7.758620689655174374e+01,-6.541090291942274204e-01
-1.500000000000000000e+02,8.793103448275863343e+01,-6.631156623232936642e-01
-1.396551724137931103e+02,8.793103448275863343e+01,-6.422143519768538367e-01
-1.293103448275862206e+02,8.793103448275863343e+01,-5.949905365627546905e-01
-1.189655172413793025e+02,8.793103448275863343e+01,-5.133116945675632037e-01
-1.086206896551724128e+02,8.793103448275863343e+01,-3.866667577423649749e-01
-9.827586206896552312e+01,8.793103448275863343e+01,-2.051850879829590357e-01
-8.793103448275861922e+01,8.793103448275863343e+01,4.039843193115806586e-02
-7.758620689655171532e+01,8.793103448275863343e+01,3.621522333122422777e-01
-6.724137931034482563e+01,8.793103448275863343e+01,7.572452836558996037e-01
-5.689655172413793593e+01,8.793103448275863343e+01,1.226220837808270403e+00
-4.655172413793103203e+01,8.793103448275863343e+01,1.742863604958128310e+00
-3.620689655172412813e+01,8.793103448275863343e+01,2.270811623345721841e+00
-2.586206896551723844e+01,8.793103448275863343e+01,2.753204514010952231e+00
-1.551724137931034875e+01,8.793103448275863343e+01,3.128990541354262689e+00
-5.172413793103430635e+00,8.793103448275863343e+01,3.334185507587041908e+00
5.172413793103459057e+00,8.793103448275863343e+01,3.334185507587041464e+00
1.551724137931034875e+01,8.793103448275863343e+01,3.128990541354262689e+00
2.586206896551723844e+01,8.793103448275863343e+01,2.753204514010952675e+00
3.620689655172412813e+01,8.793103448275863343e+01,2.270811623345721841e+00
4.655172413793104624e+01,8.793103448275863343e+01,1.742863604958127421e+00
5.689655172413793593e+01,8.793103448275863343e+01,1.224186929331369855e+00
6.724137931034482563e+01,8.793103448275863343e+01,7.591340476823927874e-01
7.758620689655174374e+01,8.793103448275863343e+01,3.621522333122413340e-01
8.793103448275863343e+01,8.793103448275863343e+01,4.039843193115762177e-02
9.827586206896552312e+01,8.793103448275863343e+01,-2.051850879829590635e-01
1.086206896551724412e+02,8.793103448275863343e+01,-3.871330532456899731e-01
1.189655172413793025e+02,8.793103448275863343e+01,-5.133116945675632037e-01
1.293103448275862206e+02,8.793103448275863343e+01,-5.950925091693967106e-01
1.396551724137931387e+02,8.793103448275863343e+01,-6.421828386329510030e-01
1.500000000000000000e+02,8.793103448275863343e+01,-6.631156623232936642e-01
-1.500000000000000000e+02,9.827586206896552312e+01,-6.660536866896707986e-01
-1.396551724137931103e+02,9.827586206896552312e+01,-6.583575900183638030e-01
-1.293103448275862206e+02,9.827586206896552312e+01,-6.311688351886221016e-01
-1.189655172413793025e+02,9.827586206896552312e+01,-5.788739043319098831e-01
-1.086206896551724128e+02,9.827586206896552312e+01,-4.944487080354582620e-01
-9.827586206896552312e+01,9.827586206896552312e+01,-3.718699445799300007e-01
-8.793103448275861922e+01,9.827586206896552312e+01,-2.051850879829588137e-01
-7.758620689655171532e+01,9.827586206896552312e+01,8.189433600250246512e-03
-6.724137931034482563e+01,9.827586206896552312e+01,2.708524580336886256e-01
-5.689655172413793593e+01,9.827586206896552312e+01,5.715634254953868565e-01
-4.655172413793103203e+01,9.827586206896552312e+01,8.985509142419485507e-01
-3.620689655172412813e+01,9.827586206896552312e+01,1.225596782214376512e+00
-2.586206896551723844e+01,9.827586206896552312e+01,1.520370229626678338e+00
-1.551724137931034875e+01,9.827586206896552312e+01,1.743217480850256962e+00
-5.172413793103430635e+00,9.827586206896552312e+01,1.864757304218528144e+00
5.172413793103459057e+00,9.827586206896552312e+01,1.864757304218528144e+00
1.551724137931034875e+01,9.827586206896552312e+01,1.743217480850256962e+00
2.586206896551723844e+01,9.827586206896552312e+01,1.520370229626678338e+00
3.620689655172412813e+01,9.827586206896552312e+01,1.225596782214377400e+00
4.655172413793104624e+01,9.827586206896552312e+01,8.998724712235334211e-01
5.689655172413793593e+01,9.827586206896552312e+01,5.728767933664408174e-01
6.724137931034482563e+01,9.827586206896552312e+01,2.696502510767067595e-01
7.758620689655174374e+01,9.827586206896552312e+01,8.189433600249675788e-03
8.793103448275863343e+01,9.827586206896552312e+01,-2.060028254554366889e-01
9.827586206896552312e+01,9.827586206896552312e+01,-3.718699445799300007e-01
1.086206896551724412e+02,9.827586206896552312e+01,-4.948002927185892741e-01
1.189655172413793025e+02,9.827586206896552312e+01,-5.786948487950036579e-01
1.293103448275862206e+02,9.827586206896552312e+01,-6.311688351886222126e-01
1.396551724137931387e+02,9.827586206896552312e+01,-6.583575900183638030e-01
1.500000000000000000e+02,9.827586206896552312e+01,-6.660536866896709096e-01
-1.500000000000000000e+02,1.086206896551724412e+02,-6.628600243567940309e-01
-1.396551724137931103e+02,1.086206896551724412e+02,-6.655737490940351053e-01
-1.293103448275862206e+02,1.086206896551724412e+02,-6.541402389342121371e-01
-1.189655172413793025e+02,1.086206896551724412e+02,-6.247286568012002661e-01
-1.086206896551724128e+02,1.086206896551724412e+02,-5.727092917075961021e-01
-9.827586206896552312e+01,1.086206896551724412e+02,-4.948002927185894961e-01
-8.793103448275861922e+01,1.086206896551724412e+02,-3.871330532456899731e-01
-7.758620689655171532e+01,1.086206896551724412e+02,-2.480044331112439826e-01
-6.724137931034482563e+01,1.086206896551724412e+02,-8.004425383875794775e-02
-5.689655172413793593e+01,1.086206896551724412e+02,1.107241547157361838e-01
-4.655172413793103203e+01,1.086206896551724412e+02,3.149941666625515890e-01
-3.620689655172412813e+01,1.086206896551724412e+02,5.160936788273406961e-01
-2.586206896551723844e+01,1.086206896551724412e+02,6.946711362416978508e-01
-1.551724137931034875e+01,1.086206896551724412e+02,8.284353276168898716e-01
-5.172413793103430635e+00,1.086206896551724412e+02,9.002366353043730340e-01
5.172413793103459057e+00,1.086206896551724412e+02,9.003664356401098745e-01
1.551724137931034875e+01,1.086206896551724412e+02,8.284353276168898716e-01
2.586206896551723844e+01,1.086206896551724412e+02,6.940973759126826126e-01
3.620689655172412813e+01,1.086206896551724412e+02,5.168020700131130685e-01
4.655172413793104624e+01,1.086206896551724412e+02,3.149941666625512560e-01
5.689655172413793593e+01,1.086206896551724412e+02,1.114806961682154179e-01
6.724137931034482563e+01,1.086206896551724412e+02,-8.073254654976508293e-02
7.758620689655174374e+01,1.086206896551724412e+02,-2.485888071560002355e-01
8.793103448275863343e+01,1.086206896551724412e+02,-3.871330532456901952e-01
9.827586206896552312e+01,1.086206896551724412e+02,-4.944487080354585951e-01
1.086206896551724412e+02,1.086206896551724412e+02,-5.727092917075962131e-01
1.189655172413793025e+02,1.086206896551724412e+02,-6.247286568012003771e-01
1.293103448275862206e+02,1.086206896551724412e+02,-6.541402389342121371e-01
1.396551724137931387e+02,1.086206896551724412e+02,-6.655563305363511040e-01
1.500000000000000000e+02,1.086206896551724412e+02,-6.628600243567940309e-01
-1.500000000000000000e+02,1.189655172413793025e+02,-6.539010599030474769e-01
-1.396551724137931103e+02,1.189655172413793025e+02,-6.644057217536399884e-01
-1.293103448275862206e+02,1.189655172413793025e+02,-6.648468689203347326e-01
-1.189655172413793025e+02,1.189655172413793025e+02,-6.525849002520464071e-01
-1.086206896551724128e+02,1.189655172413793025e+02,-6.246000439949214167e-01
-9.827586206896552312e+01,1.189655172413793025e+02,-5.788739043319099942e-01
-8.793103448275861922e+01,1.189655172413793025e+02,-5.130748740594469615e-01
-7.758620689655171532e+01,1.189655172413793025e+02,-4.276770344373757582e-01
-6.724137931034482563e+01,1.189655172413793025e+02,-3.236146187365803728e-01
-5.689655172413793593e+01,1.189655172413793025e+02,-2.050081673962798057e-01
-4.655172413793103203e+01,1.189655172413793025e+02,-8.025440922275943467e-02
-3.620689655172412813e+01,1.189655172413793025e+02,4.175244011192654620e-02
-2.586206896551723844e+01,1.189655172413793025e+02,1.490016019004186121e-01
-1.551724137931034875e+01,1.189655172413793025e+02,2.287378304529037454e-01
-5.172413793103430635e+00,1.189655172413793025e+02,2.713225505960953354e-01
5.172413793103459057e+00,1.189655172413793025e+02,2.713225505960953354e-01
1.551724137931034875e+01,1.189655172413793025e+02,2.287378304529036899e-01
2.586206896551723844e+01,1.189655172413793025e+02,1.487066371591399816e-01
3.620689655172412813e+01,1.189655172413793025e+02,4.211493171865152846e-02
4.655172413793104624e+01,1.189655172413793025e+02,-8.025440922275954569e-02
5.689655172413793593e+01,1.189655172413793025e+02,-2.050081673962798057e-01
6.724137931034482563e+01,1.189655172413793025e+02,-3.232655747538029090e-01
7.758620689655174374e+01,1.189655172413793025e+02,-4.276770344373759802e-01
8.793103448275863343e+01,1.189655172413793025e+02,-5.130748740594470725e-01
9.827586206896552312e+01,1.189655172413793025e+02,-5.788739043319099942e-01
1.086206896551724412e+02,1.189655172413793025e+02,-6.246000439949211946e-01
1.189655172413793025e+02,1.189655172413793025e+02,-6.525849002520464071e-01
1.293103448275862206e+02,1.189655172413793025e+02,-6.648852938040764604e-01
1.396551724137931387e+02,1.189655172413793025e+02,-6.644177722513009421e-01
1.500000000000000000e+02,1.189655172413793025e+02,-6.539010599030475879e-01
-1.500000000000000000e+02,1.293103448275862206e+02,-6.398393172411419583e-01
-1.396551724137931103e+02,1.293103448275862206e+02,-6.558632416430435486e-01
-1.293103448275862206e+02,1.293103448275862206e+02,-6.648435330466703208e-01
-1.189655172413793025e+02,1.293103448275862206e+02,-6.648468689203347326e-01
-1.086206896551724128e+02,1.293103448275862206e+02,-6.541960781326533469e-01
-9.827586206896552312e+01,1.293103448275862206e+02,-6.311688351886224346e-01
-8.793103448275861922e+01,1.293103448275862206e+02,-5.950925091693970437e-01
-7.758620689655171532e+01,1.293103448275862206e+02,-5.456173018681526043e-01
-6.724137931034482563e+01,1.293103448275862206e+02,-4.845414188219823726e-01
-5.689655172413793593e+01,1.293103448275862206e+02,-4.144530915566785323e-01
-4.655172413793103203e+01,1.293103448275862206e+02,-3.400194740079725553e-01
-3.620689655172412813e+01,1.293103448275862206e+02,-2.678169338291147006e-01
-2.586206896551723844e+01,1.293103448275862206e+02,-2.049330120568682856e-01
-1.551724137931034875e+01,1.293103448275862206e+02,-1.580728000006418887e-01
-5.172413793103430635e+00,1.293103448275862206e+02,-1.330148395794619465e-01
5.172413793103459057e+00,1.293103448275862206e+02,-1.330437094939757314e-01
1.551724137931034875e+01,1.293103448275862206e+02,-1.579899024311374189e-01
2.586206896551723844e+01,1.293103448275862206e+02,-2.049330120568682856e-01
3.620689655172412813e+01,1.293103448275862206e+02,-2.678169338291148116e-01
4.655172413793104624e+01,1.293103448275862206e+02,-3.401870591974993641e-01
5.689655172413793593e+01,1.293103448275862206e+02,-4.142885705420510378e-01
6.724137931034482563e+01,1.293103448275862206e+02,-4.845414188219824836e-01
7.758620689655174374e+01,1.293103448275862206e+02,-5.457445341486240054e-01
8.793103448275863343e+01,1.293103448275862206e+02,-5.949905365627551346e-01
9.827586206896552312e+01,1.293103448275862206e+02,-6.311688351886224346e-01
1.086206896551724412e+02,1.293103448275862206e+02,-6.541960781326535690e-01
1.189655172413793025e+02,1.293103448275862206e+02,-6.648468689203347326e-01
1.293103448275862206e+02,1.293103448275862206e+02,-6.648182468842982473e-01
1.396551724137931387e+02,1.293103448275862206e+02,-6.558632416430435486e-01
1.500000000000000000e+02,1.293103448275862206e+02,-6.398393172411420693e-01
-1.500000000000000000e+02,1.396551724137931387e+02,-6.215067398167067880e-01
-1.396551724137931103e+02,1.396551724137931387e+02,-6.411377352587384060e-01
-1.293103448275862206e+02,1.396551724137931387e+02,-6.558712163438111808e-01
-1.189655172413793025e+02,1.396551724137931387e+02,-6.644177722513011641e-01
-1.086206896551724128e+02,1.396551724137931387e+02,-6.655563305363512150e-01
-9.827586206896552312e+01,1.396551724137931387e+02,-6.583335673187177273e-01
-8.793103448275861922e+01,1.396551724137931387e+02,-6.422143519768540587e-01
-7.758620689655171532e+01,1.396551724137931387e+02,-6.172381080706950129e-01
-6.724137931034482563e+01,1.396551724137931387e+02,-5.843359660925635524e-01
-5.689655172413793593e+01,1.396551724137931387e+02,-5.455510340309523976e-01
-4.655172413793103203e+01,1.396551724137931387e+02,-5.038674135771104012e-01
-3.620689655172412813e+01,1.396551724137931387e+02,-4.629852886791414046e-01
-2.586206896551723844e+01,1.396551724137931387e+02,-4.271547622995536253e-01
-1.551724137931034875e+01,1.396551724137931387e+02,-4.005449075392131242e-01
-5.172413793103430635e+00,1.396551724137931387e+02,-3.863463224851218514e-01
5.172413793103459057e+00,1.396551724137931387e+02,-3.863463224851217404e-01
1.551724137931034875e+01,1.396551724137931387e+02,-4.005702210715354483e-01
2.586206896551723844e+01,1.396551724137931387e+02,-4.271934141897587578e-01
3.620689655172412813e+01,1.396551724137931387e+02,-4.629378296098785595e-01
4.655172413793104624e+01,1.396551724137931387e+02,-5.038674135771105123e-01
5.689655172413793593e+01,1.396551724137931387e+02,-5.455510340309523976e-01
6.724137931034482563e+01,1.396551724137931387e+02,-5.843359660925635524e-01
7.758620689655174374e+01,1.396551724137931387e+02,-6.171989365577750242e-01
8.793103448275863343e+01,1.396551724137931387e+02,-6.422143519768542808e-01
9.827586206896552312e+01,1.396551724137931387e+02,-6.583335673187178383e-01
1.086206896551724412e+02,1.396551724137931387e+02,-6.655737490940354384e-01
1.189655172413793025e+02,1.396551724137931387e+02,-6.644177722513010531e-01
1.293103448275862206e+02,1.396551724137931387e+02,-6.558632416430436596e-01
1.396551724137931387e+02,1.396551724137931387e+02,-6.411377352587384060e-01
1.500000000000000000e+02,1.396551724137931387e+02,-6.215067398167066770e-01
-1.500000000000000000e+02,1.500000000000000000e+02,-5.997986632006927499e-01
-1.396551724137931103e+02,1.500000000000000000e+02,-6.215067398167068990e-01
-1.293103448275862206e+02,1.500000000000000000e+02,-6.398393172411420693e-01
-1.189655172413793025e+02,1.500000000000000000e+02,-6.539010599030476989e-01
-1.086206896551724128e+02,1.500000000000000000e+02,-6.628600243567942529e-01
-9.827586206896552312e+01,1.500000000000000000e+02,-6.660536866896712427e-01
-8.793103448275861922e+01,1.500000000000000000e+02,-6.631156623232939973e-01
-7.758620689655171532e+01,1.500000000000000000e+02,-6.541090291942277535e-01
-6.724137931034482563e+01,1.500000000000000000e+02,-6.396425252822353080e-01
-5.689655172413793593e+01,1.500000000000000000e+02,-6.209374877656389513e-01
-4.655172413793103203e+01,1.500000000000000000e+02,-5.998103524120672603e-01
-3.620689655172412813e+01,1.500000000000000000e+02,-5.785426568996206997e-01
-2.586206896551723844e+01,1.500000000000000000e+02,-5.596310832633101251e-01
-1.551724137931034875e+01,1.500000000000000000e+02,-5.454426741230177234e-01
-5.172413793103430635e+00,1.500000000000000000e+02,-5.378363253730655824e-01
5.172413793103459057e+00,1.500000000000000000e+02,-5.378363253730655824e-01
1.551724137931034875e+01,1.500000000000000000e+02,-5.454426741230177234e-01
2.586206896551723844e+01,1.500000000000000000e+02,-5.596310832633101251e-01
3.620689655172412813e+01,1.500000000000000000e+02,-5.785426568996208108e-01
4.655172413793104624e+01,1.500000000000000000e+02,-5.998103524120672603e-01
5.689655172413793593e+01,1.500000000000000000e+02,-6.209374877656389513e-01
6.724137931034482563e+01,1.500000000000000000e+02,-6.396425252822355301e-01
7.758620689655174374e+01,1.500000000000000000e+02,-6.541090291942277535e-01
8.793103448275863343e+01,1.500000000000000000e+02,-6.631156623232941083e-01
9.827586206896552312e+01,1.500000000000000000e+02,-6.660536866896712427e-01
1.086206896551724412e+02,1.500000000000000000e+02,-6.628600243567942529e-01
1.189655172413793025e+02,1.500000000000000000e+02,-6.539010599030476989e-01
1.293103448275862206e+02,1.500000000000000000e+02,-6.398393172411419583e-01
1.396551724137931387e+02,1.500000000000000000e+02,-6.215067398167067880e-01
1.500000000000000000e+02,1.500000000000000000e+02,-5.997986632006927499e-01
