OBJECTID,Estación,Tipo_Dato,Nombre_Arc,Latitud__W,Longitud__,Coordenada_X,Coordenada_Y,Altura__ms,Origen_Car,Receptor,Serie_Rece,Declinaci,Azimut_Ex,Ex__m_,Ey__m_,Ex,Ey,N,S,W,E,Tierra,Ex_1,Ey_1,Ex_12,Ey_12,Azimut_Hx,Hx,Hy,Hz,Ganancia_E,Ganancia_H,Filtro_Pas,Tiempo_Ini,Tiempo_Fin,Tiempo_I_1,Tiempo_F_1,Tiempo_reg,Tiempo_r_1,Banda_2,Banda_3,Banda_4,Ventana_de,Datos_Satu,Observacio,Control_de
1,MC01B,MT,2660622B,4.45385,-75.33755,4740701.677,2050557.655,2091,9377,V86W2,2660,-6.64,0,50,50,700,800,0,0,0,0,0,0.00447,-0.0188,0.12539424,0.105792154,0,MT8H7066,MT8H7067,MT8H7068,-4,-4,1,22/06/2019,23/06/2019,23/06/2019,23/06/2019,13.73333333,3,4,2,16,60,7,,3
2,MC002B,MT,2661620B,4.46985,-75.38953,4734938.124,2052345.558,2124,9377,V86W2,2661,-6.6,0,50,50,1555,626,0,0,0,0,0,-0.058618755,0.039803194,0.008131612,0.006338639,0,MT8H7060,MT8H7061,MT8H7065,1,1,1,20/06/2019,21/06/2019,20/06/2019,21/06/2019,18.58333333,18.58333333,4,2,16,60,8,,2
3,MC006B,MT,2661622B,4.44408,-75.35755,4738478.438,2049484.3,1821,9377,V86W2,2661,-6.6,0,34,36,315,947,0,0,0,0,0,-0.020279672,-0.009604485,0.112679286,0.056813223,0,MT8H7060,MT8H7061,MT8H7065,1,1,1,22/06/2019,23/06/2019,23/06/2019,23/06/2019,16.23333333,2,4,2,16,60,7,,3
4,MC007B,MT,MC007B,4.45993,-75.3488,4739455.192,2051233.979,2072,9377,MTU5A,4299,-6.6,0,50,50,335,363,162.1067253,173.8616756,203.3698218,159.922503,193.1375869,0.02554498,-0.014810796,0.043270855,0.037331174,0,MT5H3552,MT5H3554,MT5H3553,1,1,1,25/06/2019,26/06/2019,25/06/2019,26/06/2019,20.28333333,13.13694444,2,2,16,60,7,,3
5,MC008B,MT,2661623B,4.44962,-75.3477,4739573.649,2050093.46,1783,9377,V86W2,2661,-6.6,5,40,45,1486,1008,0,0,0,0,0,-0.002869225,-0.006656403,0.028121266,0.0187332,0,MT8H7060,MT8H7061,MT8H7065,1,1,1,23/06/2019,25/06/2019,24/06/2019,24/06/2019,40.66666667,2,4,2,16,60,7,,3
6,MC009B,MT,2660624B,4.45138,-75.32947,4741597.6,2050281.676,2382,9377,V86W2,2660,-6.64,0,50,50,980,800,0,0,0,0,0,-0.0117,-0.0201,0.0305,0.0115,0,MT8H7066,MT8H7067,MT8H7068,-4,-4,1,24/06/2019,25/06/2019,25/06/2019,25/06/2019,17.95,3,4,2,16,60,7,,3
7,MC010B,MT,MC010B,4.46915,-75.35085,4739230.924,2052254.299,2099,9377,MTU5A,4299,-6.6,0,50,50,1005,763,332.1626529,673.5359839,427.4707334,336.3165709,286.5850423,0.016998347,0.023761353,0.001279527,0.000842309,0,MT5H3554,MT5H3552,MT5H3553,1,1,1,26/06/2019,27/06/2019,26/06/2019,27/06/2019,20.53333333,14.53333333,2,2,16,60,7,,3
8,MC011B,MT,2661625B,4.4543,-75.37715,4736306.625,2050621.47,1814,9377,V86W2,2661,-6.6,0,31,30,1483,2017,0,0,0,0,0,-0.011602779,-1.61E-05,0.00964625,0.007782305,0,MT8H7060,MT8H7061,MT8H7065,1,1,1,25/06/2019,26/06/2019,26/06/2019,26/06/2019,17.9,3,4,2,16,60,8,,2
9,MC012B,MT,2660625B,4.45992,-75.32922,4741628.331,2051225.97,2215,9377,V86W2,2660,-6.64,0,48,50,1000,1000,0,0,0,0,0,-0.0462,-0.0601,0.00162,0.00174,0,MT8H7066,MT8H7067,MT8H7068,-4,-4,1,25/06/2019,27/06/2019,26/06/2019,26/06/2019,39.75,3,4,2,16,60,7,,3
10,MC013C,MT,MC013C,4.45958,-75.35988,4738225.31,2051199.205,2185,9377,MTU5A,4299,-6.6,0,50,50,1341,525,231.7182824,1109.420887,292.6449792,232.5422498,211.1957431,0.006691743,-0.031439684,0.002095551,0.005276114,0,MT5H3552,MT5H3554,MT5H3553,1,1,1,27/06/2019,29/06/2019,27/06/2019,28/06/2019,42.28333333,12.28222222,2,2,16,60,9,,3
11,MC014B,MT,2661626B,4.46297,-75.38723,4735190.932,2051583.882,1997,9377,V86W2,2661,-6.6,0,32,33,975,356,0,0,0,0,0,-0.004265869,0.0186596,0.038712339,0.125301072,0,MT8H7060,MT8H7061,MT8H7065,1,1,1,26/06/2019,27/06/2019,27/06/2019,27/06/2019,20.1,2,4,2,16,60,8,,2
12,MC015B,MT,2660627B,4.4672,-75.3352,4740967.182,2052033.123,2236,9377,V86W2,2660,-6.64,0,50,50,900,800,0,0,0,0,0,-0.0000222,-0.0017,0.0628,0.053,0,MT8H7066,MT8H7067,MT8H7068,-4,-4,1,27/06/2019,28/06/2019,28/06/2019,28/06/2019,17.78333333,3,4,2,16,60,8,,2
13,MC016B,MT,MC016B,4.45762,-75.372,4736879.413,2050986.777,2016,9377,MTU5A,4299,-6.6,0,50,50,616,640,371.2767224,244.9204715,269.27854,370.9429829,253.1036694,0.027957419,0.024179587,0.021346286,0.007337202,0,MT5H3552,MT5H3554,MT5H3557,1,1,1,28/06/2019,29/06/2019,28/06/2019,29/06/2019,19.45,12.40361111,2,2,16,60,8,,3
14,MC018B,MT,2660701A,4.47273,-75.32822,4741743.803,2052642.192,2505,9377,V86W2,2660,-6.64,0,45,50,800,1000,0,0,0,0,0,0.121551862,-0.187994979,0.0311,0.023,90,MT8H7067,MT8H7066,MT8H7068,-4,-4,1,1/07/2019,3/07/2019,2/07/2019,2/07/2019,44.78333333,3,4,2,16,60,6,,2
15,MC019B,MT,MC019B,4.50742,-75.3838,4735587.634,2056498.274,2267,9377,MTU5A,4299,-6.6,0,50,50,1289,1152,844.1835552,445.3474803,618.390781,533.7809646,257.4083675,-0.009236194,0.01668876,0.000560761,0.000145739,0,MT5H3552,MT5H3554,MT5H3557,1,1,1,29/06/2019,1/07/2019,29/06/2019,30/06/2019,44.68333333,13.63694444,2,2,16,60,6,,3
16,MC020B,MT,2661628B,4.4748,-75.36938,4737176.33,2052885.719,2408,9377,V86W2,2661,-6.6,0,46,50,227,765,0,0,0,0,0,-0.117001232,-0.046385413,0.054681457,0.032995794,0,MT8H7060,MT8H7061,MT8H7065,1,1,1,28/06/2019,30/06/2019,29/06/2019,29/06/2019,41.48333333,2,4,2,16,60,7,,3
17,MC021B,MT,2660630B,4.49653,-75.40143,4733627.006,2055300.383,2217,9377,V86W2,2660,-6.64,0,50,50,750,1000,0,0,0,0,0,-0.0128,0.0314,0.0577,0.0397,0,MT8H7066,MT8H7067,MT8H7068,-4,-4,1,30/06/2019,1/07/2019,1/07/2019,1/07/2019,20.05,3,4,2,16,60,8,,3
18,MC022B,MT,MC022B,4.51692,-75.37452,4736620.991,2057545.489,2312,9377,MTU5A,4299,-6.6,0,50,50,1159,880,781.5047779,377.7355574,424.8044372,456.0265874,436.876806,-0.010095735,0.025569221,0.003814048,0.005702818,0,MT5H3552,MT5H3554,MT5H3557,1,1,1,1/07/2019,2/07/2019,1/07/2019,2/07/2019,20.05,14.03694444,2,2,16,60,9,,3
19,MC024B,MT,2660703B,4.5224,-75.40892,4732805.171,2058164.08,2029,9377,V86W2,2660,-6.64,0,45,37.1,500,550,0,0,0,0,0,0.0116,-0.0129,0.0145,0.00546,0,MT8H7066,MT8H7067,MT8H7068,-4,-4,1,3/07/2019,5/07/2019,4/07/2019,4/07/2019,43.73333333,3,4,2,16,60,6,,3
20,MC025B,MT,MC025B,4.52122,-75.36347,4737848.884,2058017.014,2368,9377,MTU5A,4299,-6.6,0,48,50,453,433,228.9640519,224.7592176,188.3018313,245.6854014,471.5873136,-0.017300048,0.025913563,0.013651307,0.01616772,0,MT5H3552,MT5H3554,MT5H3557,1,1,1,2/07/2019,3/07/2019,2/07/2019,3/07/2019,22.3,14.27027778,2,2,16,60,7,,3
21,MC028B,MT,MC028B,4.51285,-75.36912,4737218.827,2057093.446,2348,9377,MTU5A,4299,-6.6,0,45,40,1038,1192,660.2563887,378.6016308,345.5017922,847.1040329,678.8365825,-0.0259159,-0.004498351,0.010369105,0.016080101,0,MT5H3552,MT5H3554,MT5H3557,1,1,1,3/07/2019,4/07/2019,3/07/2019,4/07/2019,21.11666667,14.08694444,2,2,16,60,5,,3
22,MC029B,MT,2661703B,4.45433,-75.38968,4734915.903,2050629.283,1693,9377,V86W2,2661,-6.6,0,50,40,1016,2008,0,0,0,0,0,-0.042895555,-0.000691605,0.021919313,0.012514599,0,MT8H7060,MT8H7061,MT8H7065,1,1,1,3/07/2019,4/07/2019,4/07/2019,4/07/2019,18.56666667,3,4,2,16,60,6,,3
23,MC030B,MT,2660706A,4.52033,-75.42108,4731454.838,2057939.645,2444,9377,V86W2,2660,-6.64,0,50,46,520,600,0,0,0,0,0,-0.0119,0.0521,0.0076,0.00734,0,MT8H7066,MT8H7067,MT8H7068,-4,-4,1,6/07/2019,7/07/2019,7/07/2019,7/07/2019,15.06666667,3,4,2,16,60,8,,2
24,MC031B,MT,MC031B,4.50243,-75.37652,4736393.798,2055943.805,2328,9377,MTU5A,4299,-6.6,0,50,50,425,599,209.8080233,215.5490559,269.7743726,330.1767984,146.2235056,-0.00958112,0.01615633,0.025793234,0.130460361,0,MT5H3552,MT5H3554,MT5H3557,1,1,1,4/07/2019,5/07/2019,4/07/2019,5/07/2019,19.56666667,12.53694444,2,2,16,60,7,,3
25,MC032B,MT,2661704B,4.44623,-75.38167,4735802.061,2049730.648,1934,9377,V86W2,2661,-6.6,0,40,50,598,886,0,0,0,0,0,0.039947473,-0.006285775,0.034569429,0.033763919,0,MT8H7060,MT8H7061,MT8H7065,1,1,1,4/07/2019,5/07/2019,5/07/2019,5/07/2019,20.18333333,2,4,2,16,60,7,,3
26,MC034B,MT,MC034B,4.49417,-75.37323,4736755.967,2055029.168,2400,9377,MTU5A,4299,-6.6,0,50,50,926,923,576.8333409,349.6936351,525.0751646,398.7774782,358.444143,0.004104358,-0.010026808,0.002283055,0.004240752,0,MT5H3552,MT5H3554,MT5H3557,1,1,1,5/07/2019,7/07/2019,5/07/2019,6/07/2019,44.7,13.67027778,2,2,16,60,7,,3
27,MC035B,MT,2661705B,4.46017,-75.40603,4733103.271,2051281.028,2174,9377,V86W2,2661,-6.6,0,40,50,102,123,0,0,0,0,0,0.066632374,0.042224102,0.068216523,0.059236176,0,MT8H7060,MT8H7061,MT8H7065,-4,-4,1,5/07/2019,6/07/2019,6/07/2019,6/07/2019,19.13333333,3,4,2,16,60,6,,3
28,MC036B,MT,2660708A,4.50242,-75.39118,4734766.755,2055948.016,2318,9377,V86W2,2660,-6.64,0,40,35.4,750,2000,0,0,0,0,0,-0.00775,-0.0312,0.0585,0.0334,0,MT8H7066,MT8H7067,MT8H7068,-4,-4,1,8/07/2019,9/07/2019,9/07/2019,9/07/2019,15.26666667,3,4,2,16,60,7,,2
29,MC037B,MT,MC037B,4.48435,-75.36767,4737369.53,2053941.207,2720,9377,MTU5A,4299,-6.6,0,45,45,797,1039,278.5750551,518.4313876,447.7883035,591.2890995,283.2217269,-0.082141201,0.015755619,0.096800708,0.021177765,0,MT5H3552,MT5H3554,MT5H3557,1,1,1,8/07/2019,9/07/2019,8/07/2019,9/07/2019,19.74166667,12.73694444,2,2,16,60,9,,3
30,MC038B,MT,2661706C,4.47112,-75.4132,4732311.421,2052494.593,2428,9377,V86W2,2661,-6.6,0,50,50,362,362,0,0,0,0,0,-0.067689641,0.42654486,0.192850231,0.19601736,0,MT8H7060,MT8H7061,MT8H7065,-4,-4,1,6/07/2019,8/07/2019,7/07/2019,7/07/2019,43.6,3,4,2,16,30,7,,3
31,MC039B,MT,2661708B,4.50112,-75.41848,4731736.342,2055814.238,2504,9377,V86W2,2661,-6.6,0,50,50,102,123,0,0,0,0,0,0.309196366,0.193880629,0.05412975,0.053217346,0,MT8H7060,MT8H7061,MT8H7065,-4,-4,1,8/07/2019,9/07/2019,9/07/2019,9/07/2019,15.45,2,4,2,16,60,7,,3
32,MC040B,MT,MC040B,4.47772,-75.39437,4734403.769,2053217.639,2334,9377,MTU5A,4299,-6.6,0,42,42,738,1136,354.382122,383.7376783,429.6330887,707.2553207,529.4867322,0.021319124,0.002282763,0.030584232,0.095442908,0,MT8H7066,MT8H7067,MT8H7068,1,1,1,4/08/2019,6/08/2019,4/08/2019,5/08/2019,44.33333333,13.30361111,2,2,16,60,6,,3
33,MC041B,MT,MC041B,4.49087,-75.3946,4734382.996,2054671.962,2385,9377,MTU5A,4299,-6.6,0,50,50,1212,1184,270.8146536,941.983168,382.0938703,802.8269621,381.9525194,-0.013971408,0.057809741,0.024192729,0.021750792,0,MT8H7066,MT8H7067,MT8H7068,1,1,1,6/08/2019,7/08/2019,6/08/2019,7/08/2019,20,13.47027778,2,2,16,60,8,,3
34,MC042B,MT,MC0042B,4.481,-75.41683,4731912.119,2053588.551,2539,9377,MTU5A,4299,-6.6,0,50,50,674,553,322.1695376,352.4078025,185.5230027,367.6693783,381.9525194,-0.002550876,-0.027102551,0.012514599,0.039816337,0,MT8H7066,MT8H7067,MT8H7068,1,1,1,7/08/2019,8/08/2019,7/08/2019,8/08/2019,19.41666667,12.88694444,2,2,16,60,10,,3
35,MC043B,MT,MC043B,4.49147,-75.42123,4731427.588,2054748.049,2868,9377,MTU5A,4299,-6.6,0,50,50,771,1178,272.6328284,498.6444284,584.6988019,593.9106736,696.6196282,0.024209669,-0.006819082,0.126866237,0.122113791,0,MT8H7066,MT8H7067,MT8H7068,1,1,1,8/08/2019,9/08/2019,8/08/2019,9/08/2019,19.6,13.05361111,2,2,16,60,9,,2
36,MC044B,MT,2661809C,4.47735,-75.35437,4738843.156,2053162.35,2554,9377,V86W2,2661,-6.6,0,45,45,832,960,0,0,0,0,0,0.043436747,0.007834292,0.044398802,0.082757453,0,MT8H7060,MT8H7061,MT8H7065,1,1,0,9/08/2019,10/08/2019,10/08/2019,10/08/2019,22.58333333,3,2,2,16,60,4,,3
37,MC045B,MT,2660808B,4.4458,-75.40702,4732988.201,2049692.215,1622,9377,V86W2,2660,-6.64,0,50,50,600,700,0,0,0,0,0,-0.010860355,-0.001121521,0.134671323,0.037587021,0,MT5H3555,MT5H3556,MT5H3557,1,1,1,8/08/2019,9/08/2019,9/08/2019,9/08/2019,17.91666667,3,2,2,16,60,8,,2
38,MC047B,MT,2661810B,4.46922,-75.3614,4738060.028,2052265.794,2528,9377,V86W2,2661,-6.6,0,44,47,1170,850,0,0,0,0,0,-0.030220614,-0.04035344,0.094853234,0.056318469,0,MT8H7060,MT8H7061,MT8H7065,1,1,1,10/08/2019,11/08/2019,11/08/2019,11/08/2019,20.83333333,3,4,2,16,60,7,,3
39,MC048B,MT,2660809B,4.45275,-75.3965,4734158.363,2050457.01,2194,9377,V86W2,2660,-6.64,0,40,40,450,700,0,0,0,0,0,0.003963,0.005204267,0.245169776,0.29320768,0,MT5H3555,MT5H3556,MT5H3557,1,1,1,9/08/2019,10/08/2019,10/08/2019,10/08/2019,18.23333333,3,4,2,16,60,7,,2
40,MC049B,MT,MC049B,4.52467,-75.38282,4735702.649,2058405.558,2891,9377,MTU5A,4299,-6.6,0,50,50,738,770,429.1983248,309.4753107,261.2079769,508.9338472,336.5718101,-0.028272847,0.017185267,0.138913827,0.086128734,0,MT8H7060,MT8H7061,MT8H7065,1,1,1,12/08/2019,13/08/2019,12/08/2019,13/08/2019,22.28333333,15.26888889,2,2,16,60,4,,3
41,MC050B,MT,MC050B,4.51833,-75.39158,4734728.139,2057707.624,2698,9377,MTU5A,4299,-6.6,45,45,36,1591,1271,796.3199111,795.0853213,427.6689579,844.141124,501.3874296,2.45,0.813816913,0,0.026135823,45,MT8H7060,MT8H7061,MT8H7065,1,1,1,13/08/2019,14/08/2019,13/08/2019,14/08/2019,21.3,14.3,2,2,16,60,3,,3
42,MC052B,MT,MC052B,4.46798,-75.4177,4731810.813,2052148.982,2653,9377,MTU5A,4299,-6.6,-20,45,45,1931,1766,1613.947186,317.9126338,1089.650572,676.8497084,477.7243165,0.119500413,0.172265061,0.016734906,0.005725599,-20,MT8H7060,MT8H7061,MT8H7065,1,1,1,15/08/2019,16/08/2019,15/08/2019,16/08/2019,21.2,15.13694444,2,2,16,60,7,,3
43,MC0055,MT,MC0055,4.49236,-75.38239,4735738.685,2054832.312,2514,9377,,0,0,0,0,0,0,0,0,0,0,0,0,0,0,0,0,0,,,,0,0,0,,,,,0,0,0,0,0,0,0,,3
44,MC0056,MT,MC0056,4.48986,-75.37956,4736051.877,2054554.82,2506,9377,,0,0,0,0,0,0,0,0,0,0,0,0,0,0,0,0,0,,,,0,0,0,,,,,0,0,0,0,0,0,0,,3
45,MC0057,MT,MC0057,4.48464,-75.37889,4736124.361,2053977.312,2523,9377,,0,0,0,0,0,0,0,0,0,0,0,0,0,0,0,0,0,,,,0,0,0,,,,,0,0,0,0,0,0,0,,3
46,MC0060,MT,MC0060,4.50689,-75.40189,4733579.723,2056446.256,2112,9377,,0,0,0,0,0,0,0,0,0,0,0,0,0,0,0,0,0,,,,0,0,0,,,,,0,0,0,0,0,0,0,,3
47,MC0064,MT,MC0064,4.5075,-75.37911,4736108.178,2056505.42,2304,9377,,0,0,0,0,0,0,0,0,0,0,0,0,0,0,0,0,0,,,,0,0,0,,,,,0,0,0,0,0,0,0,,3
48,MC0065,MT,MC0065,4.50944,-75.37939,4736077.803,2056720.061,2312,9377,,0,0,0,0,0,0,0,0,0,0,0,0,0,0,0,0,0,,,,0,0,0,,,,,0,0,0,0,0,0,0,,3
49,MC0066,MT,MC0066,4.51072,-75.37556,4736503.331,2056860.225,2316,9377,,0,0,0,0,0,0,0,0,0,0,0,0,0,0,0,0,0,,,,0,0,0,,,,,0,0,0,0,0,0,0,,3
50,MC0068,MT,MC0068,4.473,-75.385,4735442.041,2052692.276,2386,9377,,,,,,,,,,,,,,,,,,,,,,,,,,,,,,,,,,,,,
