Estación,Tipo de dato,Fecha Inicio/Fin,Duración,Satelites,Latitud,Longitud,Altura (m),Este (m),Norte (m),Declinación,Dist. E1 N,Dist. E2 E,Dist. E1 S,Dist. E2 W,Resist. E1 N/E,Resist. E2 N/E,Resist. E1 S/W,Resist. E2 S/W,DC E1 (V),DC E2 (V),Mag. DC (H1/H2/H3),Calidad,,,,,,,
MT01-UIS,MT,May15-May16,11h 9m 52s ,9-14 ,4.487°N ,75.379°W ,2522.7 m,4736113.00,2054238.338,-7.88°,50,50,50,50,5340.951,4953.418,4624.521,5375.832,-0.0041,-0.019,-0.039 / -0.045 / 0.081,2,,,,,,,
MT02-UIS,MT,May16-May17,11h 3s ,8-12 ,4.481°N ,75.382°W ,2414.18 m,4735777.88,2053575.896,-7.88°,28,28,28,28,5438.901,6552.723,5714.321,6774.965,-0.011,-0.019,0.081 / -0.046 / -0.037,3,,,,,,,
MT03-UIS,MT,May11-May12,12h 19m 4s,10-14,4.488°N,75.396°W,2418.57 m,4734226.57,2054355.08,-7.87°,30,30,30,30,5011.931,4904.740,4990.007,6260.128,-0.0016,0.0092, 0.081 / -0.046 / -0.038,1,,,,,,,
MT04-UIS,MT,May20-May20,10h 22m 40s,9-14,4.472°N,75.389°W,2270.01 m,4734997.72,2052583.131,-7.88°,21.20,25.44,21.20,25.44,5084.256,5995.473,6154.405,7951.864,0.033,0.028,-0.037 / -0.059 / 0.084,2,,,,,,,
MT05-UIS,MT,May18-May19,11h 21m 30s,8-13,4.468°N,75.391°W,2009.94 m,4734774.30,2052141.5,-7.88º,26,26,26,26,5471.598,3884.838,4778.156,6577.170,-0.0048,0.025,-0.047 / -0.037 / 0.081,3,,,,,,,
MT06-UIS,MT,May14-May15,14h 10m 47s,10-14,4.473°N,75.385°W,2413.14 m,4735442.04,2052692.276,-7.88º,50,50,50,50,4718.575,4436.659,4191.502,4035.377,-0.012,0.019,0.082 / -0.038 / -0.049,2,,,,,,,
MT07-UIS,MT,May13-May14,12h 29m 59s,10-17,4.469°N,75.385°W,2305.97 m,4735440.605,2052249.924,-7.88º,22.55,22.55,22.55,22.55,5417.172,4415.314,4696.246,5717.127,-0.0073,-0.024,-0.053 / 0.086 / -0.041,2,,,,,,,
MT08-UIS,MT,May22-May23,14h 51m 58s,8-12,4.518°N,75.409°W,1993.99 m,4732794.679,2057677.514,-7.87º,50,50,50,50,6667.983,3594.526,4305.167,4292.884,0.0064,0.0027,0.0027 / -0.047 / 0.081,3,,,,,,,
MT09-UIS,MT,May21-May22,14h 21m 9s,8-12,4.511°N,75.380°W,2285.3 m,4736010.667,2056892.799,-7.89º,50,50,50,50,4983.103,5241.129,4002.271,5779.491,-0.00019,-0.0036,0.081 / -0.037 / -0.048,3,,,,,,,
MT10-UIS,MT,May19-May20,10h 57m 13s,8-12,4.471°N,75.375°W,2143.05 m,4736551.217,2052467.504,-7.89º,25.16,25.16,25.16,25.16,5049.290,5585.137,6403.475,6166.425,-0.014,-0.0012,-0.0012 / 0.081 / -0.048,3,,,,,,,
MT01-GIDCO,MT,May16-May17,15h 35m 11s,6-12,4.508°N,75.402°W,2117.32 m,4733567.92,2056569.05,"-7,82º",50,35,50,35,669.620,724.064,666.568,739.596,-0.0066,0.02,-0.047 / -0.022 / 0.022,3,,,,,,,
MT02-GIDCO,MT,May28-May29,21h 24m 28s,7-11,4.511°N,75.375°W,2318.36 m,4736565.583,2056890.987,-7.90º,30,50,50,50,1861.012,2780.705,2553.677,1988.285,-0.0058,0.011,-0.045 / -0.023 / 0.02,3,,,,,,,
MT03-GIDCO,MT,May24-May25,14h 56m 5s,8-12,4.515°N,75.376°W,2313.56 m,4736456.044,2057333.698,-7.89°,50,50,50,50,"459,318","414,297","384,265",572.837,-0.0087,0.014,-0.046 / -0.022 / 0.021,3,,,,,,,
MT04-GIDCO,MT,May27-May28,21h 4m 2s,8-12,4.510°N,75.378°W,2318.5 m,4736232.272,2056781.486,-7.89°,50,50,50,50,1928.192,1287.743,1430.342,2017.857,-0.022,0.00057,-0.046 / -0.022 / 0.019,3,,,,,,,
MT05-GIDCO,MT,May15-May15,10h 13m 31s,7-15,4.454°N,75.363°W,2045.77 m,4737877.043,2050583.246,-7.84°,20.70,20,20.70,20,661.827,748.804,671.187,652.277,-0.0014,0.0044,-0.048 / -0.023 / 0.029,2,,,,,,,
MT06-GIDCO,MT,May15-May15,14h 3m 6s,7-11,4.451°N,75.357°W,1834.38 m,4738541.926,2050249.357,-7.84°,25,25,25,25,1036.285,"972,683",1104.291,988.747,0.015,-0.0024,-0.05 / -0.021 / 0.014,2,,,,,,,
MT07-GIDCO,MT,May18-May19,11h 1m 47s,5-10,4.457°N,75.345°W,2022.55 m,4739875.917,2050908.621,-7.85°,18,25,18,25,"898,072",14577.149,1035.186,1031.686,-0.0019,0.0027,-0.047 / -0.022 / 0.018,3,,,,,,,
MT08-GIDCO,MT,May20-May21,20h 25m 37s,6-11,4.462°N,75.345°W,2223.93 m,4739877.678,2051461.545,-7.85°,39.50,36.64,39.50,36.64,1833.817,1293.256,2131.103,1356.064,-0.071,-0.049,-0.05 / -0.023 / 0.027,2,,,,,,,
MT09-GIDCO,MT,May21-May22,15h 14m 32s,8-12,4.454°N,75.336°W,2124.87 m,4740873.761,2050573.697,-7.86°,34.60,34.60,34.60,34.60,1184.550,1615.993,1689.216,971.629,0.024,-0.0027,-0.011 / -0.047 / 0.022,2,,,,,,,
MT10-GIDCO,MT,May22-May23,12h 22m 25s,6-11,4.449°N,75.338°W,2148.86 m,4740650.032,2050021.48,-7.86°,36.25,36.25,36.25,36.25,1223.180,1518.224,1328.791,1434.292,0.043,-0.0047,-0.047 / -0.022 / 0.025,1,,,,,,,
MT11-GIDCO,MT,May17-May18,14h 51m 55s,6-13,4.519°N,75.405°W,2138.41 m,4733238.983,2057786.633,-7.82°,48.30,48.30,48.30,48.30,"576,353",1026.188,532.039,2804.884,-0.015,-0.0092,-0.045 / -0.022 / 0.021,1,,,,,,,
MT12-GIDCO,MT,May25-May26,18h 43m 56s,6-11,4.514°N,75.378°W,2297.53 m,4736233.718,2057223.836,-7.89°,25,43,25,43,"993,911","852,914",1036.588,"693,713",-0.018,-0.0036,-0.045 / -0.021 / 0.021,3,,,,,,,
MT13-GIDCO,MT,May31-Jun01,16h 35m 55s,5-9,4.514°N,75.412°W,2105.02 m,4732460.258,2057236.257,-7.87°,30,10,40,10,424.807,404.230,425.602,547.066,0.015,-0.0011,-0.047 / -0.02 / 0.02,2,,,,,,,
MT14-GIDCO,MT,May29-May30,15h 24m 15s,7-11,4.510°N,75.409°W,1974.14 m,4732791.75,2056792.795,-7.87°,20,30,20,30,1421.633,"635,666","693,002","840,838",-0.0024,0.0076,-0.046 / -0.022 / 0.02,2,,,,,,,
MT15-GIDCO,MT,May30-May31,17h 36m 56s,5-10,4.492°N,75.394°W,2399.68 m,4734449.998,2054796.709,-7.88°,15,12,15,12,"815,274","674,274",1231.291,"754,522",-0.027,-0.0068,-0.047 / -0.023 / 0.022,1,,,,,,,
MT16-GIDCO,MT,Jun04-Jun05,19h 37m 40s,7-13,4.462°N,75.405°W,2301.86 m,4733218.255,2051483.033,-7.88°,17.14,20,17.14,20,"652,990","684,817","631,968","601,769",-0.026,0.00099,-0.047 / -0.021 / 0.00099,2,,,,,,,
MT17-GIDCO,MT,Jun03-Jun04,19h 46m 37s,5-10,4.480°N,75.414°W,2432.9 m,4732225.858,2053476.926,-7.87°,16,14.09,18,14.09,"487,249","447,469","504,821","520,488",-0.022,0.021,-0.05 / -0.02 / 0.021,1,,,,,,,
MT18-GIDCO,MT,Jun01-Jun02,16h 36m 23s,6-10,4.477°N,75.414°W,2466.61 m,4732224.766,2053145.155,-7.87°,16.58,16.76,16.58,16.76,"833,294","727,667","899,165","788,017",0.012,0.024,-0.047 / -0.02  / 0.021,2,,,,,,,
MT19-GIDCO,MT,May26-May27,11h 47m 24s,7-11,4.513°N,75.380°W,2301.53 m,4736011.39,2057113.974,-7.89°,24.15,11,24.15,29,"629,235","719,030","770,544","539,515",-0.008,-0.0039,-0.047 / -0.022 / 0.019,2,,,,,,,
MT20-GIDCO,MT,Jun02-Jun03,16h 57m 46s,7-12,4.461°N,75.402°W,2268.09 m,4733550.872,2051371.356,-7.87°,17.14,13.48,17.14,13.48,"864,878","926,012","933,573","858,418",-0.0061,-0.0094,-0.021 / -0.048 / 0.019,0,,,,,,,
,,,,,,,,,,,,,,,,,,,,,,,,,,,,,
,,,,,,,,,,,,,,,,,,,,,,,,,,,,,
,,,,,,,,,,,,,,,,,,,,,,,,,,,,,
,,,,,,,,,,,,,,,,,,,,,,,,,,,,,
,,,,,,,,,,,,,,,,,,,,,,,,,,,,,
,,,,,,,,,,,,,,,,,,,,,,,,,,,,,
,,,,,,,,,,,,,,,,,,,,,,,,,,,,,
,,,,,,,,,,,,,,,,,,,,,,,,,,,,,
,,,,,,,,,,,,,,,,,,,,,,,,,,,,,
,,,,,,,,,,,,,,,,,,,,,,,,,,,,,
,,,,,,,,,,,,,,,,,,,,,,,,,,,,,
,,,,,,,,,,,,,,,,,,,,,,,,,,,,,
,,,,,,,,,,,,,,,,,,,,,,,,,,,,,
,,,,,,,,,,,,,,,,,,,,,,,,,,,,,
,,,,,,,,,,,,,,,,,,,,,,,,,,,,,
,,,,,,,,,,,,,,,,,,,,,,,,,,,,,
,,,,,,,,,,,,,,,,,,,,,,,,,,,,,
,,,,,,,,,,,,,,,,,,,,,,,,,,,,,
,,,,,,,,,,,,,,,,,,,,,,,,,,,,,
,,,,,,,,,,,,,,,,,,,,,,,,,,,,,
,,,,,,,,,,,,,,,,,,,,,,,,,,,,,
,,,,,,,,,,,,,,,,,,,,,,,,,,,,,
,,,,,,,,,,,,,,,,,,,,,,,,,,,,,
,,,,,,,,,,,,,,,,,,,,,,,,,,,,,
,,,,,,,,,,,,,,,,,,,,,,,,,,,,,
,,,,,,,,,,,,,,,,,,,,,,,,,,,,,
,,,,,,,,,,,,,,,,,,,,,,,,,,,,,
,,,,,,,,,,,,,,,,,,,,,,,,,,,,,
,,,,,,,,,,,,,,,,,,,,,,,,,,,,,
,,,,,,,,,,,,,,,,,,,,,,,,,,,,,
,,,,,,,,,,,,,,,,,,,,,,,,,,,,,
,,,,,,,,,,,,,,,,,,,,,,,,,,,,,
,,,,,,,,,,,,,,,,,,,,,,,,,,,,,
,,,,,,,,,,,,,,,,,,,,,,,,,,,,,
,,,,,,,,,,,,,,,,,,,,,,,,,,,,,
,,,,,,,,,,,,,,,,,,,,,,,,,,,,,
